종목명,종목코드,섹터,수량,평단가,현재가,등락률,업데이트시각
CJ대한통운,000120,기타,2.0,75450.0,70500.0,1.0,09/28 12:25
카카오뱅크,323410,금융,6.0,21716.666666666668,20250.0,1.66,09/28 12:25
미스토홀딩스,081660,기타2,5.0,41153.333333333336,38150.0,1.06,09/28 12:25
오스테오닉,226400,의료기기,29.0,4552.793103448276,3990.0,0.25,09/28 12:25
JW생명과학,234080,제약,4.0,11232.5,10950.0,-0.27,09/28 12:25
한국단자,025540,전기전자,3.0,62066.66666666666,56700.0,1.25,09/28 12:25
아이센스,099190,의료기기,6.0,17465.0,15910.0,0.32,09/28 12:25
JYP Ent.,035900,기타2,6.0,43466.66666666666,38000.0,0.8,09/28 12:25
영원무역,111770,의류,3.0,79483.33333333333,71500.0,3.17,09/28 12:25
CJ제일제당,097950,식품,3.0,191366.66666666663,178900.0,1.76,09/28 12:25
신세계인터내셔날,031430,기타2,18.0,10983.333333333334,10600.0,2.51,09/28 12:25
삼양패키징,272550,기타,16.0,9805.0,9640.0,0.52,09/28 12:25
서흥,008490,제약,19.0,23495.789473684203,19960.0,0.66,09/28 12:25
유한양행,000100,제약,1.0,86900.0,74500.0,0.54,09/28 12:25
한샘,009240,기타2,2.0,42300.0,40700.0,2.26,09/28 12:25
사조대림,003960,식품,6.0,31025.0,27050.0,1.69,09/28 12:25
종근당,185750,제약,3.0,69133.33333333333,65100.0,0.31,09/28 12:25
이마트,139480,기타,1.0,80800.0,72000.0,0.84,09/28 12:25
GS리테일,007070,기타,7.0,25900.0,22850.0,0.22,09/28 12:25
더네이쳐홀딩스,298540,의류,16.0,6667.5,6650.0,-0.45,09/28 12:25
해태제과식품,101530,식품,11.0,5670.909090909091,5530.0,0.0,09/28 12:25
AJ네트웍스,095570,렌탈,19.0,4405.263157894737,4370.0,1.98,09/28 12:25
오리온,271560,식품,2.0,126400.0,111200.0,1.0,09/28 12:25
KCC글라스,344820,건설,4.0,24700.0,23900.0,0.84,09/28 12:25
대한화섬,003830,의류,1.0,117900.0,112500.0,2.46,09/28 12:25
와이지-원,019210,기타,13.0,14146.923076923074,12680.0,4.45,09/28 12:25
동서,026960,기타2,3.0,25766.666666666668,25650.0,1.18,09/28 12:25
노바렉스,194700,식품,10.0,11472.0,10240.0,1.39,09/28 12:25
매일유업,267980,식품,2.0,34875.0,33300.0,-0.3,09/28 12:25
마녀공장,439090,기타2,6.0,16163.333333333334,15425.0,0.23,09/28 12:25
아스테라시스,450950,의료기기,10.0,5384.117647058823,5810.0,11.3,09/28 12:25
코오롱티슈진,950160,바이오,10.0,18975.0,16405.0,3.83,09/28 12:25
크라운해태홀딩스,005740,기타2,7.0,5552.857142857143,5220.0,1.36,09/28 12:25
동진쎄미켐,005290,반도체,1.0,41800.0,45500.0,-2.78,09/28 12:25
풀무원,017810,기타2,6.0,9493.333333333334,8810.0,1.03,09/28 12:25
하림,136480,기타2,15.0,2665.0666666666666,2660.0,0.76,09/28 12:25
골프존,215000,레저,3.0,35683.333333333336,36300.0,1.54,09/28 12:25
앱클론,174900,바이오,2.0,23365.0,19360.0,-1.22,09/28 12:25
에스엘,005850,자동차,1.0,52400.0,50100.0,3.73,09/28 12:25
SK텔레콤,017670,통신,1.0,99700.0,87700.0,0.69,09/28 12:25
인바디,041830,의료기기,2.0,57700.0,53400.0,0.38,09/28 12:25
씨앤씨인터내셔널,352480,기타2,4.0,22512.5,22050.0,0.46,09/28 12:25
신도리코,029530,기타2,1.0,40800.0,39100.0,-0.51,09/28 12:25
파라다이스,034230,레저,10.0,9871.0,9570.0,0.31,09/28 12:25
대신증권,003540,금융,2.0,27100.0,26000.0,-0.19,09/28 12:25
대상,001680,기타2,5.0,18364.0,18360.0,3.09,09/28 12:25
OCI홀딩스,010060,화학,1.0,232000.0,228500.0,10.92,09/28 12:25
바텍,043150,의료기기,4.0,18182.5,17520.0,0.34,09/28 12:25
실리콘투,257720,화장품,2.0,45675.0,38700.0,-0.13,09/28 12:25
한일시멘트,300720,건설,3.0,16493.333333333332,16300.0,1.05,09/28 12:25
우양,103840,식품,20.0,1648.9,1579.0,-0.19,09/28 12:25
HK이노엔,195940,바이오,1.0,41200.0,39350.0,1.29,09/28 12:25
에스티팜,237690,바이오,1.0,92200.0,93000.0,1.86,09/28 12:25
씨티케이,260930,화장품,21.0,2382.904761904762,2300.0,0.0,09/28 12:25
NAVER,035420,인터넷,1.0,214000.0,198600.0,2.0,09/28 12:25
카카오,035720,인터넷,2.0,34087.5,34300.0,2.54,09/28 12:25
엘앤씨바이오,290650,바이오,1.0,49400.0,45700.0,-3.18,09/28 12:25
롯데칠성,005300,식품,1.0,97600.0,96000.0,0.21,09/28 12:25
제일테크노스,038010,조선,5.0,5202.0,5250.0,-0.94,09/28 12:25
서진시스템,178320,전기전자,1.0,34225.0,35900.0,11.66,09/28 12:25
정다운,208140,식품,7.0,2282.8571428571427,2270.0,0.67,09/28 12:25
금강공업,014280,건설,4.0,4444.375,5190.0,18.9,09/28 12:25
블랙야크아이앤씨,478560,의류,8.0,3130.0,3215.0,1.42,09/28 12:25
빙그레,005180,식품,1.0,88400.0,87800.0,4.15,09/28 12:25
현대리바트,079430,건설,6.0,5690.0,5630.0,0.54,09/28 12:25
선진,136490,식품,3.0,10230.0,10340.0,-0.48,09/28 12:25
진에어,272450,레저,4.0,5770.0,5980.0,-0.99,09/28 12:25
한독,002390,제약,4.0,8555.0,8440.0,0.72,09/28 12:25
SGC에너지,005090,에너지,1.0,55600.0,47900.0,-2.04,09/28 12:25
비츠로셀,082920,전기전자,1.0,28850.0,28650.0,2.87,09/28 12:25
