날짜,섹터그룹,비중
2026-08-14,가구,4.5358185672573095
2026-08-14,건설,6.475207658360333
2026-08-14,금속철강,1.306614402090583
2026-08-14,금융지주,4.874471687799155
2026-08-14,기계,2.773222404437156
2026-08-14,반도체,2.8638854445822166
2026-08-14,서비스,1.435142594296228
2026-08-14,소비재,15.128728184205965
2026-08-14,식품,20.58824313694119
2026-08-14,에너지,6.357079050171327
2026-08-14,엔터,3.2718691252349905
2026-08-14,유통 물류,8.366332013386131
2026-08-14,은행,1.7719291228350869
2026-08-14,의료바이오,13.311467541298349
2026-08-14,전기전자,3.3918643254269827
2026-08-14,포장재,2.137514499420023
2026-08-14,항공,1.4106102422569764
2026-08-18,가구,3.778196716411632
2026-08-18,건설,6.049542752958185
2026-08-18,금속철강,1.0726846229718343
2026-08-18,금융지주,4.087050183706928
2026-08-18,기계,2.1918633162891976
2026-08-18,미분류,6.635368039311844
2026-08-18,반도체,7.303997050947538
2026-08-18,서비스,1.1875913968257834
2026-08-18,소비재,15.648686376462488
2026-08-18,식품,18.261099629043738
2026-08-18,에너지,1.6117944386449856
2026-08-18,엔터,3.484841272564845
2026-08-18,유통 물류,6.7693152419739615
2026-08-18,은행,1.4579212058347846
2026-08-18,의료바이오,11.850231529400304
2026-08-18,전기전자,3.885575878876304
2026-08-18,포장재,1.7499482476716983
2026-08-18,항공,2.034447678119337
2026-08-18,해운,0.9398444219846104
2026-08-19,가구,3.794756276135508
2026-08-19,건설,4.74539108893828
2026-08-19,금속철강,1.0773861211764746
2026-08-19,금융지주,4.104963425576413
2026-08-19,기계,2.2014700928064186
2026-08-19,미분류,8.754957477159747
2026-08-19,반도체,7.33600993552361
2026-08-19,서비스,1.1927965230114776
2026-08-19,소비재,13.201482323195822
2026-08-19,식품,18.34113669239125
2026-08-19,에너지,1.6188588157202757
2026-08-19,엔터,3.5001150768457605
2026-08-19,유통 물류,6.798984655308711
2026-08-19,은행,1.464311167790936
2026-08-19,의료바이오,12.6337698841115
2026-08-19,전기전자,3.9026060736113775
2026-08-19,포장재,1.7576181427820132
2026-08-19,항공,2.15744069095029
2026-08-19,해운,1.4159455369641285
2026-08-20,가구,1.7278002846819227
2026-08-20,건설,2.6125041059892697
2026-08-20,금속철강,1.0566079053980073
2026-08-20,금융지주,3.989926639658382
2026-08-20,기계,2.093507062301544
2026-08-20,미분류,10.898499945253477
2026-08-20,반도체,6.979086827986423
2026-08-20,서비스,1.144421329245593
2026-08-20,소비재,16.849009087922916
2026-08-20,식품,18.473666922150443
2026-08-20,엔터,3.4993977882404463
2026-08-20,유통 물류,6.55206394393956
2026-08-20,은행,1.412460308770393
2026-08-20,의료바이오,12.935070623015438
2026-08-20,전기전자,3.652688054308552
2026-08-20,포장재,1.7413774225336691
2026-08-20,항공,2.207379831380708
2026-08-20,해운,1.3533340632869812
2026-08-20,화학,0.8211978539362751
2026-08-21,가구,1.7162999490580293
2026-08-21,건설,2.727161871245594
2026-08-21,금속철강,1.0849386132159653
2026-08-21,금융지주,4.063961233958123
2026-08-21,기계,2.7522339820552064
2026-08-21,미분류,12.916239775992086
2026-08-21,반도체,2.618895938204085
2026-08-21,서비스,1.1843153433340663
2026-08-21,소비재,15.0954620619076
2026-08-21,식품,19.455957988259414
2026-08-21,엔터,3.6559696126016985
2026-08-21,유통 물류,6.828731271418135
2026-08-21,은행,1.4496238613557857
2026-08-21,의료바이오,14.239591370179458
2026-08-21,전기전자,3.81551940866287
2026-08-21,포장재,1.8051919782921104
2026-08-21,항공,2.3282873810926654
2026-08-21,해운,1.4222724677452991
2026-08-21,화학,0.8393458914218052
2026-08-24,가구,1.7365112325578742
2026-08-24,건설,5.001882551599028
2026-08-24,금속철강,1.9624174244412245
2026-08-24,금융지주,4.082284618982966
2026-08-24,기계,5.192875968373134
2026-08-24,반도체,2.275035083916164
2026-08-24,서비스,1.188403482149988
2026-08-24,소비재,15.585701735370291
2026-08-24,식품,23.258297488790262
2026-08-24,엔터,3.541478886898582
2026-08-24,유통 물류,7.851951578490993
2026-08-24,은행,1.4581217839743517
2026-08-24,의료바이오,16.648373589512477
2026-08-24,전기전자,4.426848608623227
2026-08-24,포장재,1.7999475167433
2026-08-24,항공,1.7684575627231964
2026-08-24,해운,1.3828197200132348
2026-08-24,화학,0.8385911668397092
2026-08-25,가구,1.695238590740789
2026-08-25,건설,4.115614404758808
2026-08-25,금속철강,2.010657024184248
2026-08-25,금융지주,3.999635805520148
2026-08-25,기계,5.597105521014888
2026-08-25,미분류,1.582078163072414
2026-08-25,반도체,2.488662278990314
2026-08-25,서비스,1.1550167789599646
2026-08-25,소비재,14.547835210669165
2026-08-25,식품,22.51719084657874
2026-08-25,엔터,3.4034841271905862
2026-08-25,유통 물류,7.635944260901989
2026-08-25,은행,1.3982466637184257
2026-08-25,의료바이오,18.24831126488212
2026-08-25,전기전자,5.163757446476418
2026-08-25,포장재,1.7325251684399472
2026-08-25,항공,0.5690538747691267
2026-08-25,해운,1.3267084623188783
2026-08-25,화학,0.8129341068130381
2026-08-26,가구,1.675147230556027
2026-08-26,건설,2.5347346705159413
2026-08-26,금속철강,1.0126359353674108
2026-08-26,금융지주,3.857660706161565
2026-08-26,기계,4.605082467980368
2026-08-26,레저,1.5032297425640444
2026-08-26,미분류,0.7304396684927659
2026-08-26,반도체,4.370268338040098
2026-08-26,반도체유통,1.090208460436964
2026-08-26,서비스,1.1296236893912233
2026-08-26,소비재,13.5951091571221
2026-08-26,식품,23.712243669977127
2026-08-26,엔터,3.3586806800384927
2026-08-26,유통 물류,7.651795803955361
2026-08-26,은행,1.3522778018881572
2026-08-26,의료바이오,17.96558715063536
2026-08-26,전기전자,5.001331312254572
2026-08-26,통신장비,0.6054850064888369
2026-08-26,포장재,1.6873072479993627
2026-08-26,해운,1.7497845790013271
2026-08-26,화학,0.8113666811328943
2026-08-27,가구,1.5558257195943286
2026-08-27,건설,2.392580705965893
2026-08-27,금융지주,3.694088759857303
2026-08-27,기계,3.782651146972672
2026-08-27,레저,1.4162003345025298
2026-08-27,리츠/부동산,0.7895815526941217
2026-08-27,반도체,8.779444749736458
2026-08-27,서비스,1.0711261684899416
2026-08-27,소비재,13.311285820144551
2026-08-27,식품,22.99949236199277
2026-08-27,에너지기자재,1.725370830062941
2026-08-27,엔터,3.979323475116263
2026-08-27,유통 물류,7.180933555271207
2026-08-27,은행,1.2895401637406838
2026-08-27,의료바이오,17.984746924002902
2026-08-27,전기전자,3.9853074201916256
2026-08-27,포장재,1.590931530703123
2026-08-27,해운,1.6876719760881551
2026-08-27,화학,0.783896804872527
2026-08-28,가구,1.4627788191837732
2026-08-28,건설,2.6307911256856773
2026-08-28,금속철강,0.7649191004094491
2026-08-28,금융지주,3.4966677566886664
2026-08-28,기계,2.362553599145177
2026-08-28,레저,1.3522413769280723
2026-08-28,로봇/자동화,0.5062614855311094
2026-08-28,리츠/부동산,0.7424431538174566
2026-08-28,반도체,6.479336406888326
2026-08-28,서비스,0.9771509895403944
2026-08-28,소비재,6.158593595276367
2026-08-28,식품,24.04539404295301
2026-08-28,엔터,3.693792862044666
2026-08-28,유통 물류,6.70317472745612
2026-08-28,은행,1.2076215566435309
2026-08-28,의료바이오,15.646114378618377
2026-08-28,의류,8.480616798927787
2026-08-28,자동차부품,0.96536032903312
2026-08-28,전기전자,4.100939107686497
2026-08-28,지주회사,2.404189369061492
2026-08-28,통신,1.8164986344020155
2026-08-28,포장재,1.4738325634093432
2026-08-28,항공,0.9642549546105628
2026-08-28,해운,1.5644732660590177
2026-08-31,가구,1.423563793906457
2026-08-31,건설,2.5493412839855427
2026-08-31,금속철강,0.7415605273359656
2026-08-31,금융지주,2.2188711175429727
2026-08-31,기계,2.5783936063101645
2026-08-31,레저,1.8702432496475137
2026-08-31,로봇/자동화,0.5164050293201484
2026-08-31,반도체,7.129803052491192
2026-08-31,서비스,0.963084485061205
2026-08-31,소비재,6.054140818422078
2026-08-31,식품,22.82686359299149
2026-08-31,엔터,3.61792201448803
2026-08-31,유통 물류,6.526785787240764
2026-08-31,은행,1.9837288837280669
2026-08-31,의료바이오,16.106062765726612
2026-08-31,의류,8.288809136229062
2026-08-31,자동차부품,0.9659897172936672
2026-08-31,전기전자,5.128642775368351
2026-08-31,지주회사,2.358685418730213
2026-08-31,통신,1.710455476862095
2026-08-31,포장재,1.997347159817733
2026-08-31,항공,0.9278585442426016
2026-08-31,해운,1.5154417632580728
2026-09-01,가구,1.2738631642064355
2026-09-01,건설,2.873656161442252
2026-09-01,금속철강,1.528635797047723
2026-09-01,금융지주,2.0799796978058205
2026-09-01,기계,2.283001639601221
2026-09-01,레저,1.708933877710795
2026-09-01,로봇/자동화,0.4637658082189054
2026-09-01,반도체,10.032667623722716
2026-09-01,서비스,0.8747857197948881
2026-09-01,소비재,5.7668846996262175
2026-09-01,식품,21.50199746056705
2026-09-01,에너지,0.8625115174314407
2026-09-01,엔터,3.2924718501950188
2026-09-01,유통 물류,6.430355097650403
2026-09-01,은행,1.8203969045788584
2026-09-01,의료바이오,15.015662048083358
2026-09-01,의류,7.70123264506573
2026-09-01,자동차부품,0.8774396013869848
2026-09-01,전기전자,4.786109583746965
2026-09-01,증권,0.8923676853425291
2026-09-01,지주회사,2.2159911294007784
2026-09-01,통신,1.5691074913271978
2026-09-01,포장재,1.798999984242578
2026-09-01,항공,0.9578853871474172
2026-09-01,해운,1.3912974246567162
2026-09-02,가구,1.1929327817928437
2026-09-02,건설,2.699504182374932
2026-09-02,금속철강,1.4308873207835753
2026-09-02,기계,2.277158576317677
2026-09-02,레저,1.6135403400885455
2026-09-02,로봇/자동화,0.4422541531441283
2026-09-02,반도체,10.01273514996192
2026-09-02,서비스,0.9467620170202276
2026-09-02,소비재,5.699374618814525
2026-09-02,식품,21.24779188932112
2026-09-02,에너지,0.8595436202586846
2026-09-02,에너지기자재,1.2103132594083683
2026-09-02,엔터,3.6641206900365626
2026-09-02,유통 물류,7.688491279740367
2026-09-02,은행,1.7301475444545216
2026-09-02,의료바이오,14.283592513122262
2026-09-02,의류,7.210370140971474
2026-09-02,자동차부품,0.7916017532161784
2026-09-02,전기전자,5.01110770523974
2026-09-02,증권,0.834262925545194
2026-09-02,지주회사,3.52349682569277
2026-09-02,통신,1.4441596855081578
2026-09-02,포장재,1.7032868063214377
2026-09-02,항공,0.910105009685666
2026-09-02,해운,1.5724592111791231
2026-09-03,가구,1.148268635895653
2026-09-03,건설,2.702310580286865
2026-09-03,금속철강,1.4629563107059758
2026-09-03,기계,2.3294336164953444
2026-09-03,레저,1.7484717553070572
2026-09-03,로봇/자동화,0.4264111096542237
2026-09-03,반도체,9.773007462970275
2026-09-03,서비스,0.9232700518350184
2026-09-03,소비재,5.814584097875936
2026-09-03,식품,20.1504076741586
2026-09-03,엔터,3.584460201241837
2026-09-03,유통 물류,9.128735655370445
2026-09-03,은행,1.6913686663868408
2026-09-03,의료바이오,14.13604035078055
2026-09-03,의류,7.111972485000741
2026-09-03,자동차부품,0.7882709013986378
2026-09-03,전기전자,4.998847852078172
2026-09-03,증권,0.8177534744824451
2026-09-03,지주회사,6.982714677743839
2026-09-03,통신,1.381025791820448
2026-09-03,포장재,1.6795756371533177
2026-09-03,항공,0.9038736221746192
2026-09-03,해운,0.3162393891831543
2026-09-04,가구,1.1306350149082731
2026-09-04,건설,3.148916374410312
2026-09-04,금속철강,0.7783466081325929
2026-09-04,기계,1.675327089999902
2026-09-04,레저,1.7066416150466293
2026-09-04,로봇/자동화,0.4295208651841949
2026-09-04,미분류,1.9955482187229243
2026-09-04,반도체,9.192318607226278
2026-09-04,서비스,0.8947222228495163
2026-09-04,소비재,6.407283035882982
2026-09-04,식품,19.408607128420417
2026-09-04,엔터,3.540950139899146
2026-09-04,유통 물류,9.260518029563622
2026-09-04,은행,1.6485290829887609
2026-09-04,의료바이오,14.334901317844686
2026-09-04,의류,6.867064571905601
2026-09-04,자동차부품,0.7693135720614216
2026-09-04,전기전자,4.960642309084901
2026-09-04,증권,0.7979181862867973
2026-09-04,지주회사,6.834997293852944
2026-09-04,통신,1.383560024901069
2026-09-04,포장재,1.6163112543349163
2026-09-04,항공,0.9097020076675422
2026-09-04,해운,0.3077254288245686
2026-09-07,가구,1.189082292886327
2026-09-07,건설,2.768614244129203
2026-09-07,기계,1.7619317916430155
2026-09-07,레저,1.9538316237306623
2026-09-07,미분류,4.075021434356245
2026-09-07,반도체,2.21397306277357
2026-09-07,서비스,0.9409741766475956
2026-09-07,소비재,7.641476647041268
2026-09-07,식품,23.66408346059364
2026-09-07,에너지,0.5470411880056272
2026-09-07,엔터,3.723996741502851
2026-09-07,유통 물류,9.739233144837666
2026-09-07,은행,1.733748482970077
2026-09-07,의료바이오,15.795161179233968
2026-09-07,의류,7.22205201403782
2026-09-07,자동차부품,0.809082625386036
2026-09-07,전기전자,4.210871315487599
2026-09-07,증권,0.8391659323964759
2026-09-07,지주회사,5.117328855670585
2026-09-07,통신,1.4550820601365306
2026-09-07,포장재,1.6998651792846349
2026-09-07,항공,0.57474949709419
2026-09-07,해운,0.3236330501544144
2026-09-08,가구,1.1644862990209963
2026-09-08,건설,2.61599386892745
2026-09-08,금속철강,0.4620669706358601
2026-09-08,금융지주,0.5076921700597302
2026-09-08,기계,2.8314461995401694
2026-09-08,레저,1.8346996042834007
2026-09-08,로봇/자동화,0.4168890770886947
2026-09-08,미분류,3.097891400097214
2026-09-08,반도체,5.327562093510785
2026-09-08,서비스,0.876719518341032
2026-09-08,소비재,8.415612764320498
2026-09-08,식품,23.37516140287051
2026-09-08,에너지,0.5285664443059452
2026-09-08,엔터,3.569500896102773
2026-09-08,유통 물류,7.709018581086119
2026-09-08,은행,1.636393998944358
2026-09-08,의료바이오,15.488115082855956
2026-09-08,의류,6.17550493378382
2026-09-08,자동차부품,0.7619110099868492
2026-09-08,전기전자,4.48647794334722
2026-09-08,증권,0.80664159765731
2026-09-08,지주회사,4.59234033416731
2026-09-08,통신,1.3836661786062543
2026-09-08,포장재,1.6237203324377276
2026-09-08,해운,0.3119212980220134
2026-09-09,건설,3.269117366494961
2026-09-09,금융,2.8313994831503546
2026-09-09,기타,8.620086604112828
2026-09-09,기타2,20.187488076035866
2026-09-09,레저,4.294072416763504
2026-09-09,렌탈,0.904053280607732
2026-09-09,로봇,0.4062819779038104
2026-09-09,바이오,4.46866815824618
2026-09-09,반도체,1.3773985234519082
2026-09-09,식품,18.207893230657163
2026-09-09,의료기기,5.399604557989489
2026-09-09,의류,5.944059986934226
2026-09-09,인터넷,3.035190870145863
2026-09-09,자동차,0.7385631117354933
2026-09-09,전기전자,3.773753981881356
2026-09-09,제약,9.976238791473715
2026-09-09,조선,0.3020737580288025
2026-09-09,통신,1.3195853640205584
2026-09-09,화장품,1.670800307566008
2026-09-09,화학,3.27367015280018
2026-09-10,건설,2.8204089788348514
2026-09-10,금융,2.817804589483852
2026-09-10,기타,8.707631106768533
2026-09-10,기타2,20.03274585543989
2026-09-10,레저,3.3211751757130856
2026-09-10,렌탈,0.9071956239313864
2026-09-10,로봇,0.4154001014843717
2026-09-10,바이오,5.663823396936862
2026-09-10,반도체,1.392624861298181
2026-09-10,식품,17.61354305612647
2026-09-10,의료기기,5.73095876687373
2026-09-10,의류,6.021926932699252
2026-09-10,인터넷,3.514478740876137
2026-09-10,자동차,0.7494853798986574
2026-09-10,전기전자,3.227995912266225
2026-09-10,제약,9.923880933685156
2026-09-10,조선,0.3003729051485739
2026-09-10,통신,1.307982207390707
2026-09-10,화장품,2.325719690442282
2026-09-10,화학,3.204845784701788
2026-09-11,건설,2.7538035179005713
2026-09-11,금융,4.2298229738136985
2026-09-11,기타,8.401744810813867
2026-09-11,기타2,18.851309315083988
2026-09-11,레저,2.7583281488603584
2026-09-11,렌탈,1.0035490074090831
2026-09-11,로봇,0.3983089191787794
2026-09-11,바이오,5.413013969798088
2026-09-11,반도체,1.3213336349753972
2026-09-11,식품,18.112380521463717
2026-09-11,의료기기,6.082305865052882
2026-09-11,의류,5.971381709179345
2026-09-11,인터넷,3.3637803291669024
2026-09-11,자동차,0.7366664781403767
2026-09-11,전기전자,3.6776766020021494
2026-09-11,제약,9.66489451954075
2026-09-11,조선,0.5901815508172614
2026-09-11,통신,1.2725524574401899
2026-09-11,화장품,2.2933516203834623
2026-09-11,화학,3.10361404897913
