id,날짜,종목명,구분,수량,단가,실현손익,메모,정산반영
d44ebf6a,2026-08-03,서흥,매수,1.0,21400.0,,초기 히스토리,True
f3b6357a,2026-08-03,NAVER,매수,1.0,205500.0,,초기 히스토리,True
e72b9569,2026-08-03,삼립,매수,1.0,39750.0,,초기 히스토리,True
f22e687b,2026-08-04,대하화섬,매수,4.0,25850.0,,초기 히스토리,True
2f8d6a06,2026-08-04,대한항공,매수,4.0,25850.0,,초기 히스토리,True
021654e6,2026-08-04,CJ제일제당,매수,1.0,193900.0,,초기 히스토리,True
50dd0510,2026-08-04,GS리테일,매수,2.0,24400.0,,초기 히스토리,True
ba990cf0,2026-08-04,GS리테일,매수,3.0,24400.0,,초기 히스토리,True
a120c088,2026-08-04,KCC글라스,매수,5.0,22650.0,,초기 히스토리,True
61a39fe0,2026-08-04,NAVER,매도,1.0,226000.0,20048.0,초기 히스토리,True
6c16f01c,2026-08-04,동서,매수,1.0,25200.0,,초기 히스토리,True
140f0dbe,2026-08-04,동서,매수,1.0,25200.0,,초기 히스토리,True
17194c41,2026-08-04,동서,매수,1.0,25200.0,,초기 히스토리,True
2accdc89,2026-08-04,동서,매수,1.0,25200.0,,초기 히스토리,True
95d233a3,2026-08-04,동서,매수,1.0,25200.0,,초기 히스토리,True
fa0dda23,2026-08-04,아세아제지,매수,10.0,7370.0,,초기 히스토리,True
bb844f3f,2026-08-04,우리금융지주,매수,3.0,33150.0,,초기 히스토리,True
635ac755,2026-08-04,대한화섬,매수,1.0,110500.0,,초기 히스토리,True
3f2318b0,2026-08-04,코스맥스,매수,1.0,195600.0,,초기 히스토리,True
ef288b9f,2026-08-04,롯데웰푸드,매수,1.0,101800.0,,초기 히스토리,True
8f053404,2026-08-04,CJ대한통운,매수,1.0,75500.0,,초기 히스토리,True
0db2a39c,2026-08-04,한일시멘트,매수,1.0,14030.0,,초기 히스토리,True
07906528,2026-08-04,삼성중공업,매수,5.0,21250.0,,초기 히스토리,True
27058f4d,2026-08-04,두산에너빌리티,매수,1.0,71200.0,,초기 히스토리,True
efc32aa4,2026-08-04,HK이노엔,매수,1.0,38900.0,,초기 히스토리,True
da76daa2,2026-08-04,HK이노엔,매수,1.0,38900.0,,초기 히스토리,True
fe58b329,2026-08-04,AJ네트웍스,매수,20.0,4165.0,,초기 히스토리,True
0e055db8,2026-08-04,한국가스공사,매수,2.0,34600.0,,초기 히스토리,True
6743db5d,2026-08-04,카카오뱅크,매수,5.0,21750.0,,초기 히스토리,True
3b89148d,2026-08-04,한일시멘트,매수,6.0,14030.0,,초기 히스토리,True
e51934a5,2026-08-04,미스토홀딩스,매수,2.0,44050.0,,초기 히스토리,True
786f0af7,2026-08-04,오스테오닉,매수,15.0,4950.0,,초기 히스토리,True
9f923185,2026-08-05,대하화섬,매도,1.0,27050.0,1145.9,초기 히스토리,True
07a50d32,2026-08-05,대한항공,매도,1.0,27050.0,1145.9,초기 히스토리,True
d4b78e55,2026-08-05,DL이앤씨,매수,1.0,69700.0,,초기 히스토리,True
40088786,2026-08-05,JW생명과학,매수,3.0,11290.0,,초기 히스토리,True
d1866123,2026-08-05,JW생명과학,매수,4.0,11290.0,,초기 히스토리,True
0a57ea3d,2026-08-05,JW생명과학,매수,3.0,11290.0,,초기 히스토리,True
e03514e7,2026-08-05,두산에너빌리티,매도,1.0,76400.0,5047.2,초기 히스토리,True
9625ccc6,2026-08-05,동진쎄미켐,매수,1.0,41800.0,,초기 히스토리,True
f6b4b8b2,2026-08-05,엘오티베큠,매수,5.0,8500.0,,초기 히스토리,True
686de74c,2026-08-05,월덱스,매수,2.0,29300.0,,초기 히스토리,True
e60c7cf8,2026-08-07,GS리테일,매도,1.0,28400.0,3943.2,초기 히스토리,True
c8d2424c,2026-08-07,서흥,매도,1.0,23500.0,2053.0,초기 히스토리,True
a774d6b0,2026-08-07,KCC글라스,매도,2.0,24300.0,3202.8,초기 히스토리,True
9c46758e,2026-08-07,성광벤드,매수,3.0,26100.0,,초기 히스토리,True
9e242717,2026-08-07,한국단자,매수,2.0,62600.0,,초기 히스토리,True
6720b493,2026-08-07,원익홀딩스,매수,2.0,18450.0,,초기 히스토리,True
676c9345,2026-08-07,원익홀딩스,매수,3.0,18390.0,,초기 히스토리,True
1f19c69e,2026-08-07,GS리테일,매도,1.0,28350.0,3893.3,초기 히스토리,True
7fa75d22,2026-08-07,서흥,매수,1.0,23400.0,,초기 히스토리,True
f6254122,2026-08-07,롯데웰푸드,매도,1.0,112500.0,10475.0,초기 히스토리,True
6b78d13e,2026-08-07,NAVER,매수,1.0,209000.0,,초기 히스토리,True
0698d8d6,2026-08-07,아이센스,매수,4.0,18290.0,,초기 히스토리,True
209938e8,2026-08-10,GS리테일,매수,2.0,27200.0,,초기 히스토리,True
6414a501,2026-08-10,미스토홀딩스,매수,1.0,43850.0,,초기 히스토리,True
ad06a62d,2026-08-10,동서,매수,1.0,26300.0,,초기 히스토리,True
fabd44cb,2026-08-10,성광벤드,매수,1.0,28250.0,,초기 히스토리,True
4007eeb5,2026-08-10,HMM,매수,5.0,21350.0,,초기 히스토리,True
96df02d5,2026-08-10,대하화섬,매수,2.0,26650.0,,초기 히스토리,True
e3ef3efd,2026-08-10,대한항공,매수,2.0,26650.0,,초기 히스토리,True
76aff03c,2026-08-10,메리츠금융지주,매수,1.0,122600.0,,초기 히스토리,True
9fd7443f,2026-08-10,한국가스공사,매수,1.0,35100.0,,초기 히스토리,True
2f8ac7e3,2026-08-10,CJ제일제당,매도,1.0,204500.0,10191.0,초기 히스토리,True
78b320c3,2026-08-10,JYP Ent.,매수,3.0,47400.0,,초기 히스토리,True
aab323cc,2026-08-10,KCC글라스,매도,1.0,25400.0,2699.2,초기 히스토리,True
f1cf8f32,2026-08-10,KCC글라스,매도,2.0,25400.0,5398.4,초기 히스토리,True
48b14c01,2026-08-10,CJ대한통운,매수,1.0,77900.0,,초기 히스토리,True
606d7372,2026-08-10,아세아제지,매수,2.0,8060.0,,초기 히스토리,True
1458c4d8,2026-08-10,컴투스홀딩스,매수,5.0,12770.0,,초기 히스토리,True
2ff23c89,2026-08-10,동진쎄미켐,매수,1.0,41800.0,,초기 히스토리,True
59a9bd51,2026-08-10,영원무역,매수,2.0,89500.0,,초기 히스토리,True
902991ba,2026-08-10,삼립,매수,1.0,40900.0,,초기 히스토리,True
51c250d2,2026-08-10,원익홀딩스,매도,2.0,20450.0,3990.2,초기 히스토리,True
1bf47c5a,2026-08-10,대하화섬,매수,1.0,26550.0,,초기 히스토리,True
4b9265b3,2026-08-10,대한항공,매수,1.0,26550.0,,초기 히스토리,True
ff31b480,2026-08-10,CJ제일제당,매수,1.0,204500.0,,초기 히스토리,True
93e986d7,2026-08-10,신세계인터내셔날,매수,7.0,11570.0,,초기 히스토리,True
f2b42ef1,2026-08-10,원익홀딩스,매도,1.0,20500.0,2045.0,초기 히스토리,True
ae130bba,2026-08-10,서흥,매도,1.0,27750.0,4294.5,초기 히스토리,True
a0f0b4e7,2026-08-10,성광벤드,매도,1.0,28500.0,1805.5,초기 히스토리,True
bfef5ed5,2026-08-10,KCC글라스,매수,1.0,25800.0,,초기 히스토리,True
8ac8fa02,2026-08-10,KCC글라스,매수,1.0,25800.0,,초기 히스토리,True
c4fda9ed,2026-08-10,월덱스,매수,1.0,29150.0,,초기 히스토리,True
19d1b0ba,2026-08-10,삼립,매수,1.0,40450.0,,초기 히스토리,True
8fb9237c,2026-08-10,현대리바트,매수,15.0,5890.0,,초기 히스토리,True
a7f480c3,2026-08-10,동국제강,매수,1.0,9810.0,,초기 히스토리,True
b8a85c88,2026-08-10,동국제강,매수,1.0,9810.0,,초기 히스토리,True
b0a8eab6,2026-08-10,동국제강,매수,5.0,9810.0,,초기 히스토리,True
307f3fa6,2026-08-10,GS리테일,매도,1.0,28550.0,2972.9,초기 히스토리,True
5e1c085a,2026-08-10,원익홀딩스,매도,1.0,20550.0,2094.9,초기 히스토리,True
90d1a374,2026-08-10,삼성중공업,매도,2.0,22500.0,2410.0,초기 히스토리,True
971c7eb8,2026-08-10,컴투스홀딩스,매수,1.0,12560.0,,초기 히스토리,True
e03581c7,2026-08-10,우리금융지주,매수,1.0,33550.0,,초기 히스토리,True
551ddc89,2026-08-10,에코플라스틱,매수,25.0,2005.0,,초기 히스토리,True
0ee4ea40,2026-08-10,삼양패키징,매수,5.0,9770.0,,초기 히스토리,True
6d6d162d,2026-08-10,HK이노엔,매도,1.0,42450.0,3465.1,초기 히스토리,True
4bf545e2,2026-08-10,코스맥스,매도,1.0,203500.0,7493.0,초기 히스토리,True
37493219,2026-08-10,화승코퍼레이션,매수,30.0,2775.0,,초기 히스토리,True
70c1d221,2026-08-10,한국콜마,매수,1.0,105600.0,,초기 히스토리,True
25e93d36,2026-08-11,GS리테일,매도,1.0,28400.0,2823.2,초기 히스토리,True
b167931d,2026-08-11,동서,매도,1.0,26750.0,1313.1666666666679,초기 히스토리,True
8ea2b801,2026-08-11,동서,매도,1.0,26750.0,1313.1666666666679,초기 히스토리,True
64d70901,2026-08-11,DL이앤씨,매도,1.0,74400.0,4551.2,초기 히스토리,True
a84e65d6,2026-08-11,HK이노엔,매도,1.0,43300.0,4313.4,초기 히스토리,True
43ba43d1,2026-08-11,동진쎄미켐,매도,1.0,43850.0,1962.3,초기 히스토리,True
4c6a0b2c,2026-08-11,성광벤드,매도,1.0,28200.0,1506.1,초기 히스토리,True
dfe74b52,2026-08-11,NAVER,매도,1.0,213500.0,4073.0,초기 히스토리,True
d99c0518,2026-08-11,원익홀딩스,매도,1.0,20800.0,2344.4,초기 히스토리,True
98091090,2026-08-11,JW생명과학,매도,3.0,11820.0,1519.08,초기 히스토리,True
33381f98,2026-08-11,JW생명과학,매도,1.0,11820.0,506.36,초기 히스토리,True
04c62d12,2026-08-11,서흥,매수,1.0,30050.0,,초기 히스토리,True
90428ec0,2026-08-11,서흥,매수,1.0,30050.0,,초기 히스토리,True
afe7b1a0,2026-08-11,유한양행,매수,1.0,86900.0,,초기 히스토리,True
a41e5d8b,2026-08-11,필옵틱스,매수,4.0,28300.0,,초기 히스토리,True
94b2040d,2026-08-11,AJ네트웍스,매도,5.0,4580.0,2029.2,초기 히스토리,True
51a6d7f8,2026-08-11,한일시멘트,매도,3.0,14900.0,2520.6,초기 히스토리,True
bb0de43c,2026-08-11,한샘,매수,2.0,42300.0,,초기 히스토리,True
0c79656b,2026-08-11,심텍,매수,1.0,123100.0,,초기 히스토리,True
f6ad3af3,2026-08-11,사조대림,매수,3.0,32750.0,,초기 히스토리,True
ffc90614,2026-08-11,한화시스템,매수,1.0,74400.0,,초기 히스토리,True
33668d70,2026-08-11,율촌화학,매수,5.0,14990.0,,초기 히스토리,True
3d847f32,2026-08-11,SGC에너지,매수,1.0,55900.0,,초기 히스토리,True
a94dae45,2026-08-11,종근당,매수,1.0,72100.0,,초기 히스토리,True
07f5a78d,2026-08-11,마녀공장,매수,5.0,18150.0,,초기 히스토리,True
3c06c0d8,2026-08-11,대한화섬,매도,1.0,113900.0,3172.2,초기 히스토리,True
57d8a5d2,2026-08-11,계룡건설,매수,3.0,21200.0,,초기 히스토리,True
66e70bbf,2026-08-11,GS리테일,매도,3.0,27700.0,6373.8,초기 히스토리,True
c4d4d151,2026-08-11,AJ네트웍스,매도,15.0,4540.0,5488.8,초기 히스토리,True
e32f10e3,2026-08-11,삼성중공업,매도,3.0,22050.0,2267.7,초기 히스토리,True
7bc7e7fb,2026-08-11,에코플라스틱,매도,6.0,2015.0,35.82,초기 히스토리,True
d7430598,2026-08-11,에코플라스틱,매도,19.0,2015.0,113.42999999999999,초기 히스토리,True
2cdba05e,2026-08-11,우리금융지주,매도,2.0,34450.0,2262.2,초기 히스토리,True
723ae115,2026-08-11,한일시멘트,매도,4.0,14790.0,2921.68,초기 히스토리,True
1a35d75c,2026-08-11,KCC글라스,매도,2.0,25900.0,96.39999999999999,초기 히스토리,True
9f86872a,2026-08-11,크라운해태홀딩스,매수,9.0,5820.0,,초기 히스토리,True
214d86ab,2026-08-11,이마트,매수,1.0,80800.0,,초기 히스토리,True
93acb52b,2026-08-11,월덱스,매도,1.0,29100.0,-208.2,초기 히스토리,True
5cc95b5b,2026-08-11,월덱스,매도,2.0,29100.0,-416.4,초기 히스토리,True
463a2c62,2026-08-11,대하화섬,매도,6.0,26500.0,1282.0000000000073,초기 히스토리,True
05d0a8b3,2026-08-11,대한항공,매도,6.0,26500.0,1282.0000000000073,초기 히스토리,True
bd614fcb,2026-08-11,필옵틱스,매도,1.0,27600.0,-755.2,초기 히스토리,True
bbce3851,2026-08-11,한국단자,매도,1.0,64800.0,2070.4,초기 히스토리,True
e50dc470,2026-08-11,한국가스공사,매도,1.0,35950.0,1111.4333333333357,초기 히스토리,True
17c7c288,2026-08-11,동진쎄미켐,매도,1.0,42750.0,864.5,초기 히스토리,True
4eaeec0d,2026-08-11,오스테오닉,매도,5.0,4995.0,175.05,초기 히스토리,True
acc66979,2026-08-11,화승코퍼레이션,매도,15.0,2740.0,-607.2,초기 히스토리,True
8523e162,2026-08-11,CJ대한통운,매도,1.0,77700.0,844.6,초기 히스토리,True
9aa1b3d1,2026-08-11,카카오뱅크,매도,2.0,22175.0,761.3,초기 히스토리,True
8b93a359,2026-08-11,미스토홀딩스,매도,1.0,43650.0,-420.63333333333577,초기 히스토리,True
a2c2fb79,2026-08-11,컴투스홀딩스,매도,1.0,12700.0,-60.400000000000006,초기 히스토리,True
00166884,2026-08-11,동서,매도,1.0,26500.0,1063.6666666666679,초기 히스토리,True
1b8ad114,2026-08-11,아이센스,매도,2.0,18970.0,1284.12,초기 히스토리,True
2d0e8433,2026-08-11,GS리테일,매수,3.0,27350.0,,초기 히스토리,True
dffcd6a2,2026-08-11,진에어,매수,10.0,5370.0,,초기 히스토리,True
2bb5ee04,2026-08-11,종근당,매수,1.0,71100.0,,초기 히스토리,True
da760782,2026-08-11,GS건설,매수,2.0,34200.0,,초기 히스토리,True
9d2eb9bb,2026-08-11,한일시멘트,매수,4.0,14770.0,,초기 히스토리,True
7db61166,2026-08-11,풍산홀딩스,매수,1.0,37950.0,,초기 히스토리,True
7a40fc52,2026-08-11,DL,매수,2.0,50400.0,,초기 히스토리,True
43e3db8a,2026-08-11,풍산홀딩스,매수,1.0,37950.0,,초기 히스토리,True
849674ce,2026-08-11,이구산업,매수,10.0,4550.0,,초기 히스토리,True
547d5e05,2026-08-11,영원무역,매도,1.0,90800.0,1118.4,초기 히스토리,True
b98cdd3b,2026-08-11,아세아제지,매도,4.0,8030.0,2115.76,초기 히스토리,True
541053d5,2026-08-11,동서,매도,1.0,26550.0,1113.566666666668,초기 히스토리,True
951490ae,2026-08-11,동서,매도,2.0,26550.0,2227.133333333336,초기 히스토리,True
c5d6be7a,2026-08-11,엘오티베큠,매도,5.0,8680.0,813.2,초기 히스토리,True
799a9e8f,2026-08-11,신세계인터내셔날,매수,1.0,10890.0,,초기 히스토리,True
7e77f20b,2026-08-11,더네이쳐홀딩스,매수,7.0,6870.0,,초기 히스토리,True
1a36d2a9,2026-08-11,HK이노엔,매수,1.0,41750.0,,초기 히스토리,True
53b990e8,2026-08-11,크라운해태홀딩스,매수,6.0,5850.0,,초기 히스토리,True
76dac79f,2026-08-11,아세아제지,매도,8.0,8030.0,4231.52,초기 히스토리,True
d54b5d62,2026-08-11,해태제과식품,매수,5.0,5710.0,,초기 히스토리,True
dd834165,2026-08-11,해태제과식품,매수,1.0,5710.0,,초기 히스토리,True
2e39953a,2026-08-11,한켐,매수,1.0,8770.0,,초기 히스토리,True
d196b0b5,2026-08-11,해태제과식품,매수,2.0,5710.0,,초기 히스토리,True
12fc9c0f,2026-08-11,삼화콘덴서,매수,1.0,87200.0,,초기 히스토리,True
2a78d7fd,2026-08-11,한켐,매수,1.0,8480.0,,초기 히스토리,True
b6405c46,2026-08-11,한켐,매수,1.0,9070.0,,초기 히스토리,True
8f23077f,2026-08-11,한켐,매수,1.0,8910.0,,초기 히스토리,True
3f0f93f9,2026-08-11,한켐,매수,1.0,8740.0,,초기 히스토리,True
1e51b989,2026-08-11,실리콘투,매수,1.0,39750.0,,초기 히스토리,True
6b0f2361,2026-08-11,한켐,매수,1.0,8570.0,,초기 히스토리,True
bfbfab9e,2026-08-11,신세계인터내셔날,매수,1.0,10670.0,,초기 히스토리,True
e7d8267e,2026-08-11,서흥,매수,1.0,28500.0,,초기 히스토리,True
8796b1d2,2026-08-11,한켐,매수,1.0,8290.0,,초기 히스토리,True
f4c7ca38,2026-08-11,마녀공장,매도,2.0,19040.0,1703.84,초기 히스토리,True
35368bb0,2026-08-11,JW생명과학,매도,3.0,11710.0,1189.74,초기 히스토리,True
55957321,2026-08-11,한켐,매도,7.0,8230.0,-3335.22,초기 히스토리,True
546d21ab,2026-08-11,신세계인터내셔날,매수,1.0,10720.0,,초기 히스토리,True
23905b5f,2026-08-11,마녀공장,매도,3.0,19185.0,2989.89,초기 히스토리,True
b4c775cc,2026-08-11,성광벤드,매수,2.0,27400.0,,초기 히스토리,True
ecbadbc9,2026-08-12,한국콜마,매도,1.0,123400.0,17553.2,초기 히스토리,True
a047b0ea,2026-08-12,실리콘투,매도,1.0,44000.0,4162.0,초기 히스토리,True
6e19fa09,2026-08-12,신세계인터내셔날,매수,1.0,10830.0,,초기 히스토리,True
a768a18e,2026-08-12,서흥,매수,1.0,28750.0,,초기 히스토리,True
cf49b24f,2026-08-12,삼양패키징,매수,3.0,9920.0,,초기 히스토리,True
53df6ce5,2026-08-12,아이센스,매수,1.0,18470.0,,초기 히스토리,True
d9c0679a,2026-08-12,신세계인터내셔날,매수,1.0,11010.0,,초기 히스토리,True
71e81757,2026-08-12,NAVER,매수,1.0,218500.0,,초기 히스토리,True
03eae59f,2026-08-12,한국가스공사,매수,1.0,36550.0,,초기 히스토리,True
6e3aaa29,2026-08-12,SGC에너지,매수,1.0,59200.0,,초기 히스토리,True
3470de5c,2026-08-12,동국제강,매수,3.0,9880.0,,초기 히스토리,True
778c0d5e,2026-08-12,신세계인터내셔날,매수,1.0,10940.0,,초기 히스토리,True
f0413c97,2026-08-12,삼성중공업,매수,4.0,22050.0,,초기 히스토리,True
7d690442,2026-08-12,한국단자,매수,1.0,64200.0,,초기 히스토리,True
bab0bec0,2026-08-12,필옵틱스,매도,3.0,28850.0,1476.9,초기 히스토리,True
38daaae3,2026-08-12,이구산업,매도,10.0,4580.0,208.39999999999998,초기 히스토리,True
0ef6b916,2026-08-12,화승코퍼레이션,매도,15.0,2735.0,-682.05,초기 히스토리,True
caa70f2b,2026-08-12,풍산홀딩스,매도,2.0,37600.0,-850.4,초기 히스토리,True
3d6aeb89,2026-08-12,한화시스템,매도,1.0,73900.0,-647.8,초기 히스토리,True
f0495a2e,2026-08-12,크라운해태홀딩스,매도,15.0,5820.0,-354.6,초기 히스토리,True
05d81e21,2026-08-12,컴투스홀딩스,매도,5.0,12900.0,696.0,초기 히스토리,True
29959472,2026-08-12,아세아제지,매수,10.0,7780.0,,초기 히스토리,True
b420120d,2026-08-12,CJ대한통운,매수,1.0,74200.0,,초기 히스토리,True
bf33c421,2026-08-12,AJ네트웍스,매수,12.0,4520.0,,초기 히스토리,True
253e6785,2026-08-12,HMM,매도,5.0,21450.0,285.5,초기 히스토리,True
c5871fd6,2026-08-12,실리콘투,매수,1.0,46050.0,,초기 히스토리,True
1cd51860,2026-08-12,실리콘투,매수,1.0,46050.0,,초기 히스토리,True
da99c26e,2026-08-12,삼성중공업,매도,4.0,21950.0,-575.6,초기 히스토리,True
b8d820d0,2026-08-12,DL,매도,1.0,50300.0,-200.60000000000002,초기 히스토리,True
a6906173,2026-08-12,삼화콘덴서,매도,1.0,88600.0,1222.8,초기 히스토리,True
859bc219,2026-08-12,DL,매도,1.0,50500.0,-1.0,초기 히스토리,True
9dc5244d,2026-08-12,CJ제일제당,매수,1.0,186900.0,,초기 히스토리,True
52669570,2026-08-12,율촌화학,매도,2.0,14820.0,-399.28,초기 히스토리,True
d0c0bebe,2026-08-12,오리온,매수,1.0,132200.0,,초기 히스토리,True
c78648cc,2026-08-12,동국제강,매도,5.0,9800.0,-253.0,초기 히스토리,True
ea3f35f7,2026-08-13,KCC글라스,매수,2.0,24850.0,,초기 히스토리,True
0f8d54c4,2026-08-13,NAVER,매도,1.0,225500.0,6549.0,초기 히스토리,True
8684d45b,2026-08-18,대한항공,매수,1.0,25650.0,,일일매매일지,True
1ab157a9,2026-08-18,대한화섬,매수,1.0,117900.0,,일일매매일지,True
0823d987,2026-08-18,사조대림,매수,1.0,29750.0,,일일매매일지,True
6e930f8a,2026-08-18,한국가구,매수,10.0,5150.0,,일일매매일지,True
3dcf4f4d,2026-08-18,SGC에너지,매도,2.0,62500.0,9650.0,일일매매일지,True
9cad6b50,2026-08-18,서흥,매수,1.0,24050.0,,일일매매일지,True
9006624d,2026-08-18,율촌화학,매도,3.0,16130.0,3323.22,일일매매일지,True
d4cbe493,2026-08-18,삼성중공업,매수,2.0,21675.0,,일일매매일지,True
ed81f08c,2026-08-18,계룡건설,매도,3.0,23100.0,5561.4,일일매매일지,True
09643570,2026-08-18,와이지-원,매수,4.0,15940.0,,일일매매일지,True
41e40b68,2026-08-18,한국단자,매수,1.0,59400.0,,일일매매일지,True
4c98c126,2026-08-18,동서,매수,2.0,25825.0,,일일매매일지,True
d9224f61,2026-08-18,NAVER,매수,1.0,221000.0,,일일매매일지,True
77a0284b,2026-08-18,JYP Ent.,매수,1.0,39350.0,,일일매매일지,True
180ce5b0,2026-08-18,한국가스공사,매도,1.0,36400.0,966.0888888888906,일일매매일지,True
d5f61275,2026-08-18,노바렉스,매수,5.0,12060.0,,일일매매일지,True
78fd0b9f,2026-08-18,오스테오닉,매수,6.0,4541.0,,일일매매일지,True
f8c19342,2026-08-18,실리콘투,매수,1.0,44550.0,,일일매매일지,True
dc50dd76,2026-08-18,매일유업,매수,2.0,34875.0,,일일매매일지,True
b320ef49,2026-08-18,진에어,매수,3.0,5143.0,,일일매매일지,True
e0f1c0ac,2026-08-18,더네이쳐홀딩스,매수,1.0,6610.0,,일일매매일지,True
e6f8e69f,2026-08-18,KCC글라스,매수,1.0,24750.0,,일일매매일지,True
e937f724,2026-08-18,DL이앤씨,매수,1.0,71800.0,,일일매매일지,True
e2c27213,2026-08-18,마녀공장,매수,1.0,17360.0,,일일매매일지,True
4d630d86,2026-08-18,아스테라시스,매수,10.0,5520.0,,일일매매일지,True
a4c7af8b,2026-08-19,서흥,매수,1.0,23900.0,,일일매매일지,True
a753fa9f,2026-08-19,삼성중공업,매수,1.0,20650.0,,일일매매일지,True
d744b5a8,2026-08-19,태광,매수,2.0,21650.0,,일일매매일지,True
34c77c64,2026-08-19,신세계인터내셔날,매수,1.0,10350.0,,일일매매일지,True
a0e91a97,2026-08-19,서진시스템,매수,1.0,38650.0,,일일매매일지,True
bd2b0c82,2026-08-19,노바렉스,매수,1.0,11330.0,,일일매매일지,True
b666aa7b,2026-08-19,오스테오닉,매수,2.0,4320.0,,일일매매일지,True
4cece65a,2026-08-19,실리콘투,매도,3.0,47350.0,5115.9,일일매매일지,True
0dcdd807,2026-08-19,진에어,매수,1.0,5070.0,,일일매매일지,True
d63099c2,2026-08-19,더네이쳐홀딩스,매수,2.0,6570.0,,일일매매일지,True
9d82c236,2026-08-19,한일시멘트,매도,4.0,15120.0,1279.04,일일매매일지,True
6b16b5f8,2026-08-20,GS건설,매도,2.0,35500.0,2458.0,일일매매일지,True
1da9c4cf,2026-08-20,서흥,매수,1.0,23100.0,,일일매매일지,True
8c1f407a,2026-08-20,화승코퍼레이션,매수,15.0,2500.0,,일일매매일지,True
72129431,2026-08-20,계룡건설,매수,2.0,23350.0,,일일매매일지,True
99041940,2026-08-20,와이지-원,매수,1.0,14640.0,,일일매매일지,True
3b7431d7,2026-08-20,동서,매수,1.0,25650.0,,일일매매일지,True
7eae214a,2026-08-20,신세계인터내셔날,매수,1.0,10260.0,,일일매매일지,True
44a9d711,2026-08-20,한국가스공사,매도,2.0,36350.0,1832.377777777781,일일매매일지,True
4f834514,2026-08-20,코메론,매수,2.0,20400.0,,일일매매일지,True
29b21af9,2026-08-20,현대리바트,매도,15.0,6010.0,1619.7,일일매매일지,True
950e938d,2026-08-20,네오팜,매수,2.0,22400.0,,일일매매일지,True
feccffd1,2026-08-20,영원무역,매수,1.0,75850.0,,일일매매일지,True
e87ad6e3,2026-08-20,서진시스템,매도,1.0,40000.0,1270.0,일일매매일지,True
5c58ebac,2026-08-20,노바렉스,매수,1.0,11220.0,,일일매매일지,True
61c650ef,2026-08-20,오스테오닉,매수,2.0,4290.0,,일일매매일지,True
82f4ee85,2026-08-20,실리콘투,매수,2.0,46950.0,,일일매매일지,True
bab66e32,2026-08-20,진에어,매수,1.0,5120.0,,일일매매일지,True
3c3f03ea,2026-08-20,DL이앤씨,매도,1.0,74200.0,2251.6,일일매매일지,True
f9638777,2026-08-20,코오롱티슈진,매수,2.0,21650.0,,일일매매일지,True
2a5da147,2026-08-21,서흥,매수,1.0,22350.0,,일일매매일지,True
54ed86b2,2026-08-21,성광벤드,매수,1.0,22850.0,,일일매매일지,True
ce5b3ad3,2026-08-21,NAVER,매도,1.0,222500.0,1055.0,일일매매일지,True
08639535,2026-08-21,비츠로셀,매수,1.0,30450.0,,일일매매일지,True
17240162,2026-08-21,서진시스템,매수,1.0,36350.0,,일일매매일지,True
9098675f,2026-08-21,실리콘투,매도,2.0,47650.0,1209.4,일일매매일지,True
13477eb5,2026-08-24,크라운해태홀딩스,매수,4.0,5640.0,,일일매매일지,True
149db87e,2026-08-24,GS건설,매수,1.0,33700.0,,일일매매일지,True
3c667270,2026-08-24,네오팜,매도,1.0,23400.0,953.2,일일매매일지,True
65c4dfaa,2026-08-24,서진시스템,매도,1.0,37500.0,1075.0,일일매매일지,True
df596bc1,2026-08-24,오스테오닉,매수,2.0,4215.0,,일일매매일지,True
f03f6897,2026-08-24,진에어,매도,5.0,5630.0,1654.033333333333,일일매매일지,True
7bf387cc,2026-08-24,DL이앤씨,매수,1.0,68200.0,,일일매매일지,True
ef06f550,2026-08-24,코오롱티슈진,매수,1.0,20150.0,,일일매매일지,True
61d15a89,2026-08-25,아세아제지,매도,5.0,8000.0,1020.0,일일매매일지,True
1f387316,2026-08-25,한국가구,매수,1.0,4810.0,,일일매매일지,True
5ff66247,2026-08-25,삼성전자,매수,1.0,250500.0,,일일매매일지,True
72260596,2026-08-25,삼성전자,매도,1.0,256500.0,5487.0,일일매매일지,True
c7b059c1,2026-08-25,GS건설,매도,1.0,34800.0,1030.4,일일매매일지,True
ed34d695,2026-08-25,서흥,매수,2.0,22025.0,,일일매매일지,True
d8cac4d7,2026-08-25,율촌화학,매수,2.0,15110.0,,일일매매일지,True
69c18ed5,2026-08-25,와이지-원,매수,1.0,13690.0,,일일매매일지,True
123d373a,2026-08-25,신세계인터내셔날,매수,1.0,10160.0,,일일매매일지,True
f2d8f30d,2026-08-25,NAVER,매수,1.0,214500.0,,일일매매일지,True
ade543b1,2026-08-25,NAVER,매도,1.0,218500.0,3563.0,일일매매일지,True
e5ff81c2,2026-08-25,세진중공업,매수,2.0,10300.0,,일일매매일지,True
f54febdf,2026-08-25,네오팜,매도,1.0,23650.0,1202.7,일일매매일지,True
861eb967,2026-08-25,매커스,매수,2.0,24700.0,,일일매매일지,True
af51c550,2026-08-25,아이센스,매수,1.0,17410.0,,일일매매일지,True
931e0516,2026-08-25,서진시스템,매수,1.0,37650.0,,일일매매일지,True
4099b27e,2026-08-25,진에어,매도,10.0,5660.0,3607.4666666666662,일일매매일지,True
7a95bbb0,2026-08-25,코오롱티슈진,매수,2.0,19585.0,,일일매매일지,True
1260a3b9,2026-08-26,아세아제지,매도,5.0,8380.0,2916.2,일일매매일지,True
81507ad9,2026-08-26,대한항공,매도,1.0,27450.0,1745.1,일일매매일지,True
161e72ac,2026-08-26,한국가구,매수,1.0,4885.0,,일일매매일지,True
00d4173b,2026-08-26,동진쎄미켐,매수,1.0,41800.0,,일일매매일지,True
b04fa662,2026-08-26,삼성전자,매수,1.0,258000.0,,일일매매일지,True
79289be1,2026-08-26,삼성전자,매도,1.0,262500.0,3975.0,일일매매일지,True
e533033e,2026-08-26,서흥,매수,1.0,22950.0,,일일매매일지,True
556c1a92,2026-08-26,성광벤드,매도,2.0,29400.0,6312.4,일일매매일지,True
9486bb78,2026-08-26,풀무원,매수,4.0,9740.0,,일일매매일지,True
9517d84d,2026-08-26,태광,매도,2.0,23450.0,3506.2,일일매매일지,True
67959c27,2026-08-26,신세계인터내셔날,매수,1.0,10410.0,,일일매매일지,True
95ac5253,2026-08-26,케이엠더블유,매수,2.0,14295.0,,일일매매일지,True
44759c9a,2026-08-26,NAVER,매수,1.0,219000.0,,일일매매일지,True
afeff872,2026-08-26,NAVER,매도,1.0,221000.0,1558.0,일일매매일지,True
906b65a3,2026-08-26,원익QnC,매수,2.0,26250.0,,일일매매일지,True
ef2fcc5d,2026-08-26,하림,매수,13.0,2670.0,,일일매매일지,True
7351a805,2026-08-26,선진,매수,4.0,10660.0,,일일매매일지,True
c847a4c6,2026-08-26,HK이노엔,매도,1.0,43750.0,1912.5,일일매매일지,True
fcb86680,2026-08-26,골프존,매수,2.0,35800.0,,일일매매일지,True
583908ef,2026-08-26,한화시스템,매수,1.0,70600.0,,일일매매일지,True
54d4ec23,2026-08-26,한화시스템,매도,1.0,72600.0,1854.8,일일매매일지,True
3d7960dc,2026-08-26,DL이앤씨,매도,1.0,72700.0,4354.6,일일매매일지,True
2925004a,2026-08-26,아스테라시스,매수,2.0,5300.0,,일일매매일지,True
0e548b47,2026-08-26,코오롱티슈진,매수,1.0,18580.0,,일일매매일지,True
7087b482,2026-08-27,삼성전자,매수,1.0,266000.0,,일일매매일지,True
b319285a,2026-08-27,삼성전자,매도,1.0,266500.0,-33.0,일일매매일지,True
17fc14cc,2026-08-27,서흥,매수,1.0,22400.0,,일일매매일지,True
4ec9e9a2,2026-08-27,율촌화학,매도,2.0,15960.0,1636.16,일일매매일지,True
41259b39,2026-08-27,성광벤드,매도,1.0,29850.0,3605.3,일일매매일지,True
bbf1fa9a,2026-08-27,신세계인터내셔날,매수,1.0,10470.0,,일일매매일지,True
7c5580ec,2026-08-27,케이엠더블유,매도,2.0,14830.0,1010.68,일일매매일지,True
37dfee89,2026-08-27,두산에너빌리티,매수,1.0,86800.0,,일일매매일지,True
77ba8f64,2026-08-27,NAVER,매수,1.0,216500.0,,일일매매일지,True
45a51bd1,2026-08-27,JYP Ent.,매수,1.0,40050.0,,일일매매일지,True
59a54865,2026-08-27,매커스,매도,2.0,25950.0,2396.2,일일매매일지,True
1a49fee5,2026-08-27,앱클론,매수,1.0,27250.0,,일일매매일지,True
5030b6ab,2026-08-27,서진시스템,매도,1.0,40600.0,2868.8,일일매매일지,True
28fff909,2026-08-27,오스테오닉,매수,1.0,4380.0,,일일매매일지,True
a32a4065,2026-08-27,실리콘투,매수,1.0,48700.0,,일일매매일지,True
9debf0c1,2026-08-27,ESR켄달스퀘어리츠,매수,13.0,3000.0,,일일매매일지,True
c5a033bf,2026-08-27,동국제강,매도,5.0,10560.0,3539.4,일일매매일지,True
ee88ee5d,2026-08-28,CJ,매수,1.0,129600.0,,일일매매일지,True
be9680c5,2026-08-28,대한항공,매수,1.0,28650.0,,일일매매일지,True
d69785f8,2026-08-28,에스엘,매수,1.0,52400.0,,일일매매일지,True
f918c92e,2026-08-28,삼성전자,매수,2.0,261250.0,,일일매매일지,True
ed3f1f3a,2026-08-28,삼성전자,매도,1.0,265000.0,3220.0,일일매매일지,True
9ce6d698,2026-08-28,화승코퍼레이션,매도,15.0,2600.0,1422.0,일일매매일지,True
f7fcbd54,2026-08-28,계룡건설,매수,1.0,21850.0,,일일매매일지,True
7e3cee34,2026-08-28,성광벤드,매도,2.0,31600.0,10703.6,일일매매일지,True
d2a29ff9,2026-08-28,SK텔레콤,매수,1.0,99700.0,,일일매매일지,True
50b7c76c,2026-08-28,두산에너빌리티,매도,1.0,89000.0,2022.0,일일매매일지,True
4c8094eb,2026-08-28,NAVER,매도,1.0,226000.0,9048.0,일일매매일지,True
203ad36f,2026-08-28,인바디,매수,1.0,60100.0,,일일매매일지,True
d6a3bfa3,2026-08-28,비츠로셀,매수,1.0,27800.0,,일일매매일지,True
faf84ff0,2026-08-28,한세실업,매수,5.0,8830.0,,일일매매일지,True
d0447dae,2026-08-28,영원무역,매수,1.0,73100.0,,일일매매일지,True
b9815b6e,2026-08-28,심텍,매도,1.0,128500.0,5143.0,일일매매일지,True
7535c9ea,2026-08-28,라온로보틱스,매수,3.0,9210.0,,일일매매일지,True
0d913217,2026-08-28,실리콘투,매도,1.0,49950.0,1150.1,일일매매일지,True
87cf16d3,2026-08-28,진에어,매수,4.0,5900.0,,일일매매일지,True
dad30836,2026-08-28,씨앤씨인터내셔널,매수,2.0,23500.0,,일일매매일지,True
5da2d696,2026-08-28,동국제강,매수,4.0,10140.0,,일일매매일지,True
bf9e5177,2026-08-28,코오롱티슈진,매수,1.0,18350.0,,일일매매일지,True
ae406bda,2026-08-31,삼립,매도,1.0,41000.0,551.3333333333358,일일매매일지,True
7674c47c,2026-08-31,광동제약,매수,5.0,6320.0,,일일매매일지,True
626f755b,2026-08-31,와이지-원,매수,1.0,14100.0,,일일매매일지,True
90b1614f,2026-08-31,신도리코,매수,1.0,40800.0,,일일매매일지,True
4a0f4722,2026-08-31,원익홀딩스,매수,2.0,18380.0,,일일매매일지,True
f7af599a,2026-08-31,파라다이스,매수,3.0,10150.0,,일일매매일지,True
a3bec84e,2026-08-31,비츠로셀,매수,1.0,26050.0,,일일매매일지,True
41609ab8,2026-08-31,삼양패키징,매수,3.0,9930.0,,일일매매일지,True
db01b196,2026-08-31,우리금융지주,매도,2.0,34100.0,1563.6,일일매매일지,True
14cebf76,2026-08-31,카카오뱅크,매수,2.0,21900.0,,일일매매일지,True
4d15c8a8,2026-08-31,ESR켄달스퀘어리츠,매도,13.0,3135.0,1673.49,일일매매일지,True
1ee8c1f6,2026-08-31,코오롱티슈진,매수,1.0,17700.0,,일일매매일지,True
21c4dd9b,2026-09-01,대신증권,매수,2.0,27100.0,,일일매매일지,True
6c11af65,2026-09-01,사조대림,매수,1.0,30550.0,,일일매매일지,True
d37ef67c,2026-09-01,SGC에너지,매수,1.0,51800.0,,일일매매일지,True
53cf6bd1,2026-09-01,GS건설,매수,1.0,33200.0,,일일매매일지,True
b97cd68a,2026-09-01,GS리테일,매수,1.0,25950.0,,일일매매일지,True
a6b02c7e,2026-09-01,서흥,매수,1.0,22200.0,,일일매매일지,True
39648578,2026-09-01,태광,매수,2.0,25150.0,,일일매매일지,True
84cb4f14,2026-09-01,NAVER,매수,1.0,215000.0,,일일매매일지,True
85832d3c,2026-09-01,노바렉스,매수,1.0,11250.0,,일일매매일지,True
cd4f6fc4,2026-09-01,오스테오닉,매수,1.0,4290.0,,일일매매일지,True
2825d848,2026-09-01,진에어,매수,1.0,5700.0,,일일매매일지,True
d910dfbd,2026-09-01,마녀공장,매수,1.0,17020.0,,일일매매일지,True
646809aa,2026-09-02,동아쏘시오홀딩스,매수,1.0,91700.0,,일일매매일지,True
60430f48,2026-09-02,대상,매수,3.0,18580.0,,일일매매일지,True
846d09a4,2026-09-02,서흥,매수,1.0,21650.0,,일일매매일지,True
d718e705,2026-09-02,삼성중공업,매수,1.0,20100.0,,일일매매일지,True
0b322410,2026-09-02,와이지-원,매수,1.0,13050.0,,일일매매일지,True
e6b9f520,2026-09-02,롯데쇼핑,매수,1.0,109100.0,,일일매매일지,True
511f05ad,2026-09-02,두산에너빌리티,매수,1.0,77300.0,,일일매매일지,True
e766be25,2026-09-02,JYP Ent.,매수,1.0,39200.0,,일일매매일지,True
913284ac,2026-09-02,카페24,매수,3.0,16140.0,,일일매매일지,True
c9777119,2026-09-02,AJ네트웍스,매수,2.0,4305.0,,일일매매일지,True
7631c622,2026-09-02,선진,매수,1.0,10100.0,,일일매매일지,True
c171cb1f,2026-09-02,메리츠금융지주,매도,1.0,132500.0,9635.0,일일매매일지,True
ac36f60d,2026-09-02,서진시스템,매수,1.0,34050.0,,일일매매일지,True
3982a9fd,2026-09-02,씨앤씨인터내셔널,매수,1.0,21800.0,,일일매매일지,True
6cb80ec8,2026-09-03,한국가구,매수,1.0,4975.0,,일일매매일지,True
40257511,2026-09-03,SGC에너지,매도,1.0,54700.0,2790.6,일일매매일지,True
f2166367,2026-09-03,OCI홀딩스,매수,1.0,232000.0,,일일매매일지,True
cfafc05c,2026-09-03,삼성중공업,매도,4.0,21550.0,1927.6,일일매매일지,True
55abe477,2026-09-03,두산에너빌리티,매도,1.0,80400.0,2939.2,일일매매일지,True
ecbd0690,2026-09-03,파라다이스,매수,1.0,10010.0,,일일매매일지,True
08a84674,2026-09-03,현대백화점,매수,1.0,94800.0,,일일매매일지,True
bb1e3335,2026-09-03,선진,매도,5.0,10900.0,1651.0,일일매매일지,True
3ed4cc01,2026-09-03,오스테오닉,매수,1.0,4250.0,,일일매매일지,True
ccf20f20,2026-09-03,마녀공장,매수,1.0,16070.0,,일일매매일지,True
a7119f06,2026-09-03,코오롱티슈진,매수,1.0,17330.0,,일일매매일지,True
24901a0e,2026-09-04,GS리테일,매수,1.0,25100.0,,일일매매일지,True
69b72f2f,2026-09-04,서흥,매수,1.0,21100.0,,일일매매일지,True
1b5f03a8,2026-09-04,원익홀딩스,매도,2.0,20300.0,3758.8,일일매매일지,True
fe3fc6b7,2026-09-04,바텍,매수,2.0,18590.0,,일일매매일지,True
3f6ee675,2026-09-04,코메론,매도,2.0,22550.0,4209.8,일일매매일지,True
e54e766b,2026-09-04,테크윙,매수,1.0,46750.0,,일일매매일지,True
e0a2fb0b,2026-09-04,아이센스,매수,1.0,16500.0,,일일매매일지,True
90cb6659,2026-09-04,실리콘투,매수,1.0,48550.0,,일일매매일지,True
79af8e8e,2026-09-04,엘앤씨바이오,매수,1.0,48450.0,,일일매매일지,True
950940ed,2026-09-04,한일시멘트,매수,2.0,16660.0,,일일매매일지,True
61c0dbc6,2026-09-04,동국제강,매도,4.0,10700.0,2154.4,일일매매일지,True
c2cb18ea,2026-09-07,CJ,매도,1.0,132400.0,2535.2,일일매매일지,True
2626a014,2026-09-07,대한항공,매도,1.0,30150.0,1439.7,일일매매일지,True
77a3e86a,2026-09-07,삼성전자,매도,1.0,265000.0,3220.0,일일매매일지,True
d511153b,2026-09-07,GS건설,매도,1.0,35200.0,1929.6,일일매매일지,True
37fa5bdc,2026-09-07,금강공업,매수,7.0,4340.0,,일일매매일지,True
a771eaf3,2026-09-07,태광,매도,2.0,25950.0,1496.2,일일매매일지,True
c1bdb57a,2026-09-07,파라다이스,매수,1.0,9990.0,,일일매매일지,True
4584f32d,2026-09-07,NAVER,매도,1.0,216000.0,568.0,일일매매일지,True
5d2a64e6,2026-09-07,한국가스공사,매수,1.0,34550.0,,일일매매일지,True
ecbe109e,2026-09-07,미스토홀딩스,매수,1.0,40150.0,,일일매매일지,True
c6935be1,2026-09-07,비츠로셀,매도,1.0,29900.0,1740.2,일일매매일지,True
3d036221,2026-09-07,테크윙,매도,1.0,48000.0,1154.0,일일매매일지,True
c1187811,2026-09-07,CJ제일제당,매수,1.0,182700.0,,일일매매일지,True
4bb52f4d,2026-09-07,해태제과식품,매수,2.0,5570.0,,일일매매일지,True
452468ac,2026-09-07,우양,매수,15.0,1666.0,,일일매매일지,True
438742ff,2026-09-07,서진시스템,매도,1.0,37350.0,3225.3,일일매매일지,True
9963ce05,2026-09-07,노바렉스,매수,1.0,10390.0,,일일매매일지,True
f3473448,2026-09-07,HK이노엔,매수,1.0,41200.0,,일일매매일지,True
45cd42f7,2026-09-07,오스테오닉,매수,1.0,4265.0,,일일매매일지,True
3b71aa0e,2026-09-07,라온로보틱스,매도,3.0,9690.0,1381.86,일일매매일지,True
9c652676,2026-09-07,에스티팜,매수,1.0,92200.0,,일일매매일지,True
9119af68,2026-09-07,씨티케이,매수,10.0,2430.0,,일일매매일지,True
281d9c35,2026-09-07,진에어,매수,1.0,6040.0,,일일매매일지,True
d586d615,2026-09-07,마녀공장,매수,1.0,16000.0,,일일매매일지,True
df8f6abd,2026-09-08,삼립,매도,1.0,41900.0,1449.5333333333358,일일매매일지,True
dd5d5063,2026-09-08,서흥,매수,1.0,21100.0,,일일매매일지,True
6e9da913,2026-09-08,와이지-원,매수,1.0,14120.0,,일일매매일지,True
1129943a,2026-09-08,롯데쇼핑,매도,1.0,118900.0,9562.2,일일매매일지,True
5d4c82c7,2026-09-08,NAVER,매수,1.0,214000.0,,일일매매일지,True
3f1965d5,2026-09-08,코메론,매수,3.0,21650.0,,일일매매일지,True
e57dd580,2026-09-08,네오팜,매수,2.0,21750.0,,일일매매일지,True
8251c763,2026-09-08,해태제과식품,매수,1.0,5560.0,,일일매매일지,True
b7d1f194,2026-09-08,한세실업,매도,5.0,9130.0,1408.7,일일매매일지,True
951c0b8d,2026-09-08,서진시스템,매수,1.0,35350.0,,일일매매일지,True
7ec1c631,2026-09-08,라온로보틱스,매수,3.0,9320.0,,일일매매일지,True
36f5377b,2026-09-08,JW생명과학,매수,1.0,11060.0,,일일매매일지,True
d8774ef2,2026-09-08,오리온,매수,1.0,120600.0,,일일매매일지,True
929ec703,2026-09-08,진에어,매도,6.0,6455.0,3312.54,일일매매일지,True
8dd05487,2026-09-08,엘앤씨바이오,매도,1.0,50900.0,2348.2,일일매매일지,True
47611cc6,2026-09-08,더네이쳐홀딩스,매수,1.0,6580.0,,일일매매일지,True
d904fc1d,2026-09-08,우리금융지주,매수,1.0,34150.0,,일일매매일지,True
df94c0eb,2026-09-08,씨앤씨인터내셔널,매수,1.0,21250.0,,일일매매일지,True
adf34797,2026-09-08,마녀공장,매수,1.0,15960.0,,일일매매일지,True
abe6bd41,2026-09-08,아스테라시스,매수,1.0,5220.0,,일일매매일지,True
9a31be54,2026-09-08,동국제강,매수,3.0,10330.0,,일일매매일지,True
2d1dd2db,2026-09-09,,입금,1.0,10000.0,,예탁금이용료,True
97092c0a,2026-09-09,한국공항,매수,1.0,79100.0,,일일매매일지,True
f74bce90,2026-09-09,벽산,매수,15.0,1420.0,,일일매매일지,True
f309b9aa,2026-09-09,샘표,매수,1.0,42950.0,,일일매매일지,True
34bce90b,2026-09-09,바텍,매수,1.0,17840.0,,일일매매일지,True
2e7aba7a,2026-09-09,코메론,매도,3.0,22600.0,2714.4,일일매매일지,True
fa5227a1,2026-09-09,현대이지웰,매수,4.0,4955.0,,일일매매일지,True
fe8cfe71,2026-09-09,AJ네트웍스,매수,1.0,4185.0,,일일매매일지,True
4102b549,2026-09-09,메리츠금융지주,매수,1.0,125500.0,,일일매매일지,True
6caa9095,2026-09-09,씨티케이,매수,2.0,2350.0,,일일매매일지,True
09709b5b,2026-09-09,더네이쳐홀딩스,매수,1.0,6460.0,,일일매매일지,True
5553f7fa,2026-09-09,동국제강,매수,1.0,10120.0,,일일매매일지,True
21e5e4cd,2026-09-10,한국공항,매도,1.0,80600.0,1338.8,일일매매일지,True
d71f0d8b,2026-09-10,샘표,매도,1.0,55700.0,12638.6,일일매매일지,True
624e2de6,2026-09-10,금강공업,매도,7.0,4785.0,3048.01,일일매매일지,True
87eb7838,2026-09-10,와이지-원,매수,1.0,12960.0,,일일매매일지,True
ed462449,2026-09-10,파라다이스,매수,1.0,9700.0,,일일매매일지,True
3e54f0cb,2026-09-10,카카오,매수,1.0,34725.0,,일일매매일지,True
3cc74068,2026-09-10,한국가스공사,매도,1.0,36550.0,1926.9,일일매매일지,True
ac82cefb,2026-09-10,우양,매수,1.0,1620.0,,일일매매일지,True
b2df1a4c,2026-09-10,서진시스템,매도,1.0,36600.0,1176.8,일일매매일지,True
d17ba564,2026-09-10,실리콘투,매수,1.0,42800.0,,일일매매일지,True
c23f51db,2026-09-10,씨티케이,매수,1.0,2325.0,,일일매매일지,True
809a31a6,2026-09-10,인투셀,매수,2.0,16490.0,,일일매매일지,True
e63ca062,2026-09-10,엘앤씨바이오,매수,1.0,49400.0,,일일매매일지,True
2cceed06,2026-09-10,더네이쳐홀딩스,매수,1.0,6420.0,,일일매매일지,True
e2713e30,2026-09-10,마녀공장,매수,1.0,15570.0,,일일매매일지,True
ebc125ad,2026-09-10,아스테라시스,매수,1.0,5110.0,,일일매매일지,True
6a025725,2026-09-10,토모큐브,매수,1.0,27700.0,,일일매매일지,True
ad366d2e,2026-09-11,진에어,매수,6.0,5950.0,,일일매매일지,True
6b3e29c5,2026-09-10,미스토홀딩스,매수,1.0,39700.0,,일일매매일지,True
28e10955,2026-09-10,삼양패키징,매수,1.0,9800.0,,일일매매일지,True
0c96fbc7,2026-09-10,크라운해태홀딩스,매수,1.0,5620.0,,일일매매일지,True
