날짜,순위,종목코드,종목명,단계,단계번호,P,기준외인비중,현재외인비중,dF,고점dF,반납률,상대증가,현재가,진입일,진입가
2026-10-02,1,214450,파마리서치,이상,0,-21.87,7.77,13.6,5.83,5.83,0.0,75.0,305500.0,2026-10-02,305500.0
2026-10-02,2,019210,와이지-원,강,2,-15.64,20.39,23.58,3.19,3.19,0.0,15.6,12890.0,2026-10-02,12890.0
2026-10-02,3,013580,계룡건설,약,7,-6.96,9.29,9.99,0.7,0.77,0.091,7.5,21400.0,2026-10-02,21400.0
2026-10-02,4,007070,GS리테일,약,7,-17.66,13.67,14.32,0.65,0.65,0.0,4.8,22150.0,2026-10-02,22150.0
2026-10-02,5,237690,에스티팜,약,7,-5.94,12.6,13.21,0.61,0.61,0.0,4.8,93400.0,2026-10-02,93400.0
2026-10-02,6,121440,골프존홀딩스,보충,8,-3.5,6.27,7.08,0.81,0.81,0.0,12.9,7710.0,2026-10-02,7710.0
2026-10-02,7,041830,인바디,보충,8,-16.35,33.5,33.86,0.36,0.36,0.0,1.1,52200.0,2026-10-02,52200.0
2026-10-02,8,032190,다우데이타,보충,8,-1.36,13.59,13.95,0.36,0.42,0.143,2.6,18910.0,2026-10-02,18910.0
2026-10-02,9,081660,미스토홀딩스,보충,8,-11.94,40.32,40.5,0.18,0.18,0.0,0.4,39100.0,2026-10-02,39100.0
