날짜,코드,종목명,출처,하락,구간외인,구간외인상대,현재가
2026-10-02,214450,파마리서치,Fishing,-21.74,5.83,75.03,306000.0
2026-10-02,019210,와이지-원,Fishing,-15.64,3.19,15.64,12890.0
2026-10-02,007070,GS리테일,Fishing,-17.66,0.65,4.75,22150.0
2026-10-02,316140,우리금융지주,Up/Down,-7.06,2.15,4.28,33550.0
2026-10-02,005180,빙그레,meritz 후보,-5.66,1.15,5.02,83400.0
2026-10-02,041830,인바디,Fishing,-16.35,0.36,1.07,52200.0
2026-10-06,214450,파마리서치,Fishing,-22.83,5.91,76.06,301750.0
2026-10-06,019210,와이지-원,Fishing,-16.43,3.31,16.23,12770.0
2026-10-06,007070,GS리테일,Fishing,-18.03,0.65,4.75,22050.0
2026-10-06,005180,빙그레,meritz 후보,-5.77,1.26,5.5,83300.0
2026-10-06,316140,우리금융지주,Up/Down,-7.89,1.94,3.86,33250.0
2026-10-06,041830,인바디,Fishing,-16.99,0.37,1.1,51800.0
2026-10-07,214450,파마리서치,Fishing,-21.23,5.89,75.8,308000.0
2026-10-07,019210,와이지-원,Fishing,-18.72,3.42,16.77,12420.0
2026-10-07,950160,코오롱티슈진,Fishing,-34.4,0.27,6.84,16990.0
2026-10-07,041830,인바디,Fishing,-16.83,0.31,0.93,51900.0
