날짜,코드,순위
2026-10-02,950160,1
2026-10-02,044340,2
2026-10-02,005090,3
2026-10-02,214450,4
2026-10-02,035900,5
2026-10-02,127120,6
2026-10-02,257720,7
2026-10-02,007070,8
2026-10-02,041830,9
2026-10-02,019210,10
2026-10-02,271560,11
2026-10-02,082920,12
2026-10-02,010060,13
2026-10-02,111770,14
2026-10-02,081660,15
2026-10-02,008490,16
2026-10-02,352480,17
2026-10-02,439090,18
2026-10-02,207940,19
2026-10-02,035720,20
2026-10-02,287840,21
2026-10-02,006260,22
2026-10-02,017810,23
2026-10-02,103840,24
2026-10-02,017670,25
2026-10-02,003960,26
2026-10-02,031430,27
2026-10-02,260930,28
2026-10-02,003830,29
2026-10-02,051500,30
2026-10-02,099190,31
2026-10-02,323410,32
2026-10-02,035420,33
2026-10-02,034120,34
2026-10-02,075580,35
2026-10-02,456040,36
2026-10-02,005740,37
2026-10-02,043150,38
2026-10-02,004370,39
2026-10-02,264900,40
2026-10-02,009970,41
2026-10-02,009240,42
2026-10-02,000100,43
2026-10-02,016590,44
2026-10-02,194700,45
2026-10-02,069960,46
2026-10-02,010140,47
2026-10-02,248170,48
2026-10-02,237690,49
2026-10-02,013580,50
2026-10-02,006060,51
2026-10-02,174900,52
2026-10-02,002390,53
2026-10-02,121440,54
2026-10-02,079430,55
2026-10-02,105630,56
2026-10-02,005850,57
2026-10-02,460860,58
2026-10-02,029530,59
2026-10-02,017940,60
2026-10-02,001680,61
2026-10-02,090850,62
2026-10-02,023530,63
2026-10-02,001630,64
2026-10-02,000120,65
2026-10-02,280360,66
2026-10-02,007160,67
2026-10-02,185750,68
2026-10-02,023600,69
2026-10-02,000210,70
2026-10-02,195940,71
2026-10-02,033270,72
2026-10-02,005300,73
2026-10-02,095570,74
2026-10-02,007210,75
2026-10-02,234080,76
2026-10-02,036670,77
2026-10-02,032190,78
2026-10-02,101530,79
2026-10-02,034230,80
2026-10-02,139480,81
2026-10-02,226400,82
2026-10-02,208140,83
2026-10-02,004910,84
2026-10-02,344820,85
2026-10-02,418470,86
2026-10-02,038010,87
2026-10-02,272550,88
2026-10-02,025820,89
2026-10-02,018670,90
2026-10-02,006360,91
2026-10-02,090430,92
2026-10-02,097950,93
2026-10-02,063570,94
2026-10-02,267980,95
2026-10-02,092730,96
2026-10-02,136480,97
2026-10-02,023910,98
2026-10-02,069260,99
2026-10-02,316140,100
2026-10-02,298540,101
2026-10-02,058650,102
2026-10-02,003540,103
2026-10-02,365550,104
2026-10-02,001040,105
2026-10-02,023590,106
2026-10-02,123890,107
2026-10-02,009410,108
2026-10-02,002310,109
2026-10-02,025540,110
2026-10-02,086790,111
2026-10-02,294870,112
2026-10-02,014280,113
2026-10-02,036460,114
2026-10-02,136490,115
2026-10-02,054950,116
2026-10-02,122870,117
2026-10-02,009290,118
2026-10-02,143160,119
2026-10-02,120110,120
2026-10-02,066620,121
2026-10-02,215000,122
2026-10-02,138040,123
2026-10-02,002840,124
2026-10-02,290650,125
2026-10-02,034730,126
2026-10-02,005180,127
2026-10-02,004590,128
2026-10-02,093520,129
2026-10-02,049430,130
2026-10-02,007540,131
2026-10-02,300720,132
2026-10-02,034020,133
2026-10-02,008260,134
2026-10-02,37550K,135
2026-10-02,005930,136
2026-10-02,161890,137
2026-10-02,026960,138
2026-10-02,000640,139
2026-10-02,005610,140
2026-10-02,002200,141
2026-10-02,006400,142
2026-10-02,068790,143
2026-10-02,475960,144
2026-10-02,363280,145
2026-10-02,178320,146
2026-10-02,018310,147
2026-10-02,192820,148
2026-10-02,036570,149
2026-10-02,009780,150
2026-10-02,383220,151
2026-10-02,232680,152
2026-10-02,308430,153
2026-10-02,284740,154
2026-10-02,001440,155
2026-10-02,293490,156
2026-10-02,204270,157
2026-10-02,101160,158
2026-10-02,005430,159
2026-10-02,322310,160
2026-10-02,272450,161
2026-10-02,089030,162
2026-10-02,074600,163
2026-10-02,044450,164
2026-10-02,122640,165
2026-10-02,112610,166
2026-10-02,450950,167
2026-10-02,003490,168
2026-10-02,005290,169
2026-10-02,260970,170
2026-10-02,478560,171
2026-10-02,029460,172
2026-10-02,014620,173
2026-10-02,042000,174
2026-10-02,023160,175
2026-10-02,083310,176
2026-10-02,032500,177
2026-10-02,105740,178
2026-10-02,222800,179
2026-10-02,030530,180
2026-10-06,950160,1
2026-10-06,044340,2
2026-10-06,214450,3
2026-10-06,005090,4
2026-10-06,257720,5
2026-10-06,035900,6
2026-10-06,007070,7
2026-10-06,127120,8
2026-10-06,041830,9
2026-10-06,019210,10
2026-10-06,271560,11
2026-10-06,207940,12
2026-10-06,082920,13
2026-10-06,081660,14
2026-10-06,008490,15
2026-10-06,352480,16
2026-10-06,111770,17
2026-10-06,010060,18
2026-10-06,287840,19
2026-10-06,006260,20
2026-10-06,035720,21
2026-10-06,017670,22
2026-10-06,003960,23
2026-10-06,103840,24
2026-10-06,031430,25
2026-10-06,003830,26
2026-10-06,099190,27
2026-10-06,017810,28
2026-10-06,051500,29
2026-10-06,004370,30
2026-10-06,439090,31
2026-10-06,260930,32
2026-10-06,005740,33
2026-10-06,069960,34
2026-10-06,016590,35
2026-10-06,043150,36
2026-10-06,035420,37
2026-10-06,009970,38
2026-10-06,174900,39
2026-10-06,034120,40
2026-10-06,010140,41
2026-10-06,323410,42
2026-10-06,075580,43
2026-10-06,248170,44
2026-10-06,264900,45
2026-10-06,194700,46
2026-10-06,013580,47
2026-10-06,002390,48
2026-10-06,023530,49
2026-10-06,079430,50
2026-10-06,006060,51
2026-10-06,456040,52
2026-10-06,029530,53
2026-10-06,009240,54
2026-10-06,005850,55
2026-10-06,000100,56
2026-10-06,001680,57
2026-10-06,090850,58
2026-10-06,105630,59
2026-10-06,000120,60
2026-10-06,007160,61
2026-10-06,121440,62
2026-10-06,001630,63
2026-10-06,237690,64
2026-10-06,092730,65
2026-10-06,185750,66
2026-10-06,280360,67
2026-10-06,460860,68
2026-10-06,023600,69
2026-10-06,017940,70
2026-10-06,033270,71
2026-10-06,090430,72
2026-10-06,007210,73
2026-10-06,234080,74
2026-10-06,005300,75
2026-10-06,294870,76
2026-10-06,272550,77
2026-10-06,095570,78
2026-10-06,038010,79
2026-10-06,004910,80
2026-10-06,101530,81
2026-10-06,195940,82
2026-10-06,418470,83
2026-10-06,097950,84
2026-10-06,000210,85
2026-10-06,139480,86
2026-10-06,023910,87
2026-10-06,136480,88
2026-10-06,316140,89
2026-10-06,001040,90
2026-10-06,002310,91
2026-10-06,025820,92
2026-10-06,298540,93
2026-10-06,034230,94
2026-10-06,063570,95
2026-10-06,006360,96
2026-10-06,058650,97
2026-10-06,069260,98
2026-10-06,290650,99
2026-10-06,208140,100
2026-10-06,365550,101
2026-10-06,003540,102
2026-10-06,344820,103
2026-10-06,226400,104
2026-10-06,032190,105
2026-10-06,086790,106
2026-10-06,136490,107
2026-10-06,036670,108
2026-10-06,054950,109
2026-10-06,025540,110
2026-10-06,123890,111
2026-10-06,023590,112
2026-10-06,036460,113
2026-10-06,014280,114
2026-10-06,066620,115
2026-10-06,009410,116
2026-10-06,267980,117
2026-10-06,143160,118
2026-10-06,215000,119
2026-10-06,122870,120
2026-10-06,093520,121
2026-10-06,007540,122
2026-10-06,138040,123
2026-10-06,008260,124
2026-10-06,005180,125
2026-10-06,161890,126
2026-10-06,036570,127
2026-10-06,002840,128
2026-10-06,049430,129
2026-10-06,004590,130
2026-10-06,300720,131
2026-10-06,034020,132
2026-10-06,068790,133
2026-10-06,009290,134
2026-10-06,002200,135
2026-10-06,000640,136
2026-10-06,005610,137
2026-10-06,034730,138
2026-10-06,026960,139
2026-10-06,37550K,140
2026-10-06,005930,141
2026-10-06,018670,142
2026-10-06,363280,143
2026-10-06,018310,144
2026-10-06,192820,145
2026-10-06,120110,146
2026-10-06,308430,147
2026-10-06,284740,148
2026-10-06,178320,149
2026-10-06,383220,150
2026-10-06,475960,151
2026-10-06,009780,152
2026-10-06,232680,153
2026-10-06,001440,154
2026-10-06,293490,155
2026-10-06,272450,156
2026-10-06,005430,157
2026-10-06,006400,158
2026-10-06,101160,159
2026-10-06,450950,160
2026-10-06,044450,161
2026-10-06,074600,162
2026-10-06,322310,163
2026-10-06,089030,164
2026-10-06,003490,165
2026-10-06,204270,166
2026-10-06,122640,167
2026-10-06,005290,168
2026-10-06,260970,169
2026-10-06,014620,170
2026-10-06,023160,171
2026-10-06,112610,172
2026-10-06,029460,173
2026-10-06,478560,174
2026-10-06,083310,175
2026-10-06,032500,176
2026-10-06,042000,177
2026-10-06,222800,178
2026-10-06,105740,179
2026-10-06,030530,180
