사례,종목명,종목코드,진입일,매도일,보유거래일,매수횟수,매도횟수,결과유형,진입경로,CFG,수익률,실현손익,매수금액,진입전10일,진입전20일고점대비,보유중최대하락,진입전외인pp,진입전외인상대,외인신호,진입외인비중,보유중외인pp,매도직전5일외인pp,매도후5일,매도후20일,매도후60일,매도후20일외인pp
NAVER|2026-08-03,NAVER,035420,2026-08-03,2026-08-04,1,1,1,FA,Fishing 신규,,9.76,20048,205500,11.62,-7.78,0.97,-0.12,-0.3,중립,35.04,0.08,0.39,-5.52,-7.73,,0.9
삼립|2026-08-03,삼립,005610,2026-08-03,2026-09-11,28,3,3,MO,Fishing 신규,,2.48,3001,121100,6.37,-3.68,-2.14,0.08,3.9,중립,2.14,-0.12,0.03,-2.64,,,
서흥|2026-08-03,서흥,008490,2026-08-03,2026-08-07,4,1,1,FA,Fishing 신규,,9.59,2053,21400,4.51,-2.34,-2.57,-0.08,-1.3,중립,6.25,0.25,0.15,5.07,-9.94,,-0.47
AJ네트웍스|2026-08-04,AJ네트웍스,095570,2026-08-04,2026-08-11,5,1,2,MO,Fishing 신규,,9.03,7518,83300,-3.26,-4.04,-0.12,0.18,2.8,중립,6.67,0.24,0.24,-3.44,-7.54,,-0.57
CJ제일제당|2026-08-04,CJ제일제당,097950,2026-08-04,2026-08-10,4,1,1,FA,Fishing 신규,,5.26,10191,193900,4.78,-2.69,0.62,-0.02,-0.1,중립,15.51,-0.01,-0.06,-10.75,-10.95,,-3.6
GS리테일|2026-08-04,GS리테일,007070,2026-08-04,2026-08-11,5,3,5,MO,Fishing 신규,,11.34,20006,176400,-2.72,-5.83,1.64,0.0,0.0,중립,13.55,-0.02,-0.02,-2.36,-9.07,,0.51
HK이노엔|2026-08-04,HK이노엔,195940,2026-08-04,2026-08-11,5,2,2,MO,Fishing 신규,,10.0,7778,77800,2.91,-5.93,0.0,-0.1,-0.7,중립,13.78,-0.04,-0.04,-2.37,-5.33,,-1.8
KCC글라스|2026-08-04,KCC글라스,344820,2026-08-04,2026-08-10,4,1,3,MO,Fishing 신규,,9.98,11300,113250,1.33,-1.08,0.66,0.14,3.1,중립,4.67,0.1,0.13,-4.45,-4.45,,-0.12
대한항공|2026-08-04,대한항공,003490,2026-08-04,2026-08-11,5,3,2,MO,Fishing 신규,,1.32,2428,183250,2.96,-10.46,0.97,0.16,0.7,중립,22.74,0.36,0.36,-6.0,11.82,,1.89
대한화섬|2026-08-04,대한화섬,003830,2026-08-04,2026-08-11,5,1,1,FA,Fishing 신규,,2.87,3172,110500,3.75,0.0,1.81,-0.01,-2.1,중립,0.46,0.0,0.0,2.23,-1.89,,0.0
동서|2026-08-04,동서,026960,2026-08-04,2026-08-11,5,6,5,MO,Fishing 신규,,4.62,7031,152300,2.63,-4.51,0.0,0.0,0.0,중립,3.54,0.08,0.08,-3.02,-3.4,,0.07
두산에너빌리티|2026-08-04,두산에너빌리티,034020,2026-08-04,2026-08-05,1,1,1,FA,Fishing 신규,,7.09,5047,71200,9.28,-14.62,2.53,,,외인 데이터 없음,,,,4.29,2.86,,-0.49
롯데웰푸드|2026-08-04,롯데웰푸드,280360,2026-08-04,2026-08-07,3,1,1,FA,Fishing 신규,,10.29,10475,101800,2.79,-4.17,0.0,0.07,0.5,중립,14.23,0.3,0.37,10.61,18.56,,-1.03
삼성중공업|2026-08-04,삼성중공업,010140,2026-08-04,2026-08-11,5,1,2,MO,Fishing 신규,,4.4,4678,106250,1.88,-8.65,1.88,0.0,0.0,중립,29.18,-0.19,-0.19,-5.5,-0.92,,-0.21
아세아제지|2026-08-04,아세아제지,002310,2026-08-04,2026-08-11,5,2,2,MO,Fishing 신규,,7.07,6347,89820,3.0,-6.67,2.17,0.38,8.1,모음,5.08,0.18,0.18,-2.85,7.32,,-0.38
우리금융지주|2026-08-04,우리금융지주,316140,2026-08-04,2026-08-31,18,2,2,MO,Fishing 신규,,2.88,3826,133000,8.85,-1.19,-4.83,0.24,0.5,중립,46.13,2.1,2.12,1.18,3.11,,1.53
코스맥스|2026-08-04,코스맥스,192820,2026-08-04,2026-08-10,4,1,1,FA,Fishing 신규,,3.83,7493,195600,13.36,0.0,-0.31,-1.31,-3.5,빠짐,36.36,0.11,0.07,17.44,30.22,,-0.59
한국가스공사|2026-08-04,한국가스공사,036460,2026-08-04,2026-08-20,11,3,3,MO,Fishing 신규,,2.78,3910,140850,5.74,-2.85,-1.88,,,외인 데이터 없음,,,0.3,1.51,-0.28,,0.78
한일시멘트|2026-08-04,한일시멘트,300720,2026-08-04,2026-08-11,5,2,2,MO,Fishing 신규,,5.54,5442,98210,2.19,-5.27,-0.14,0.1,2.4,중립,4.23,0.08,0.08,1.95,10.13,,0.2
DL이앤씨|2026-08-05,DL이앤씨,375500,2026-08-05,2026-08-11,4,1,1,FA,Fishing 신규,,6.53,4551,69700,15.47,0.0,1.72,,,외인 데이터 없음,,,,-1.64,11.23,,
동진쎄미켐|2026-08-05,동진쎄미켐,005290,2026-08-05,2026-08-11,4,2,2,MO,Fishing 신규,,3.38,2827,83600,-1.18,-11.35,-5.86,-0.62,-4.5,빠짐,13.25,-0.16,-0.51,-1.86,-2.33,,-0.31
엘오티베큠|2026-08-05,엘오티베큠,083310,2026-08-05,2026-08-11,4,1,1,FA,Fishing 신규,,1.91,813,42500,5.19,-6.99,-3.18,0.07,0.8,중립,9.24,-0.18,-0.09,13.36,11.64,,-0.96
월덱스|2026-08-05,월덱스,101160,2026-08-05,2026-08-11,4,2,2,MO,Fishing 신규,,-0.71,-625,87750,-2.53,-11.06,-2.9,-0.26,-1.4,중립,18.98,0.21,0.14,-2.74,4.79,,1.29
NAVER|2026-08-07,NAVER,035420,2026-08-07,2026-08-11,2,1,1,FA,Up/Down 재진입,,1.95,4073,209000,1.2,-8.3,0.48,-0.21,-0.6,중립,34.95,0.0,-0.17,-2.8,-1.87,,1.01
서흥|2026-08-07,서흥,008490,2026-08-07,2026-08-10,1,1,1,FA,Up/Down 재진입,,18.35,4294,23400,13.98,0.0,1.07,0.17,2.7,중립,6.5,0.6,0.85,-16.61,-26.57,,-1.06
성광벤드|2026-08-07,성광벤드,014620,2026-08-07,2026-08-28,14,4,5,MO,Fishing 신규,,12.99,23933,184200,-5.5,-5.5,-12.07,0.38,1.0,모음,36.59,-0.96,0.17,-3.14,-3.77,,-1.8
원익홀딩스|2026-08-07,원익홀딩스,030530,2026-08-07,2026-08-11,2,2,4,MO,Fishing 신규,,11.38,10474,92070,16.16,-8.85,3.25,-0.48,-8.2,빠짐,5.36,0.25,-0.23,-3.5,14.53,,-0.48
HMM|2026-08-10,HMM,011200,2026-08-10,2026-08-12,2,1,1,FA,Fishing 신규,,0.27,286,106750,3.87,-1.61,0.0,,,외인 데이터 없음,,,,-0.7,-2.34,,
KCC글라스|2026-08-10,KCC글라스,344820,2026-08-10,2026-08-11,1,2,1,MA,Up/Down 재진입,,0.19,96,51600,13.63,0.0,-0.39,0.23,5.1,모음,4.77,-0.01,0.09,-5.84,-5.06,,-0.04
동국제강|2026-08-10,동국제강,460860,2026-08-10,2026-08-27,12,4,2,MO,Fishing 신규,,3.34,3286,98310,7.29,0.0,-6.83,0.02,0.1,중립,26.88,0.09,0.41,-1.57,-13.28,,-0.48
메리츠금융지주|2026-08-10,메리츠금융지주,138040,2026-08-10,2026-09-02,16,1,1,FA,Fishing 신규,,7.86,9635,122600,-1.67,-2.22,-6.04,0.01,0.1,중립,14.24,0.15,0.06,-3.7,-1.23,,-0.2
에코플라스틱|2026-08-10,에코플라스틱,038110,2026-08-10,2026-08-11,1,1,2,MO,Fishing 신규,,0.3,149,50125,3.29,-0.5,0.25,,,외인 데이터 없음,,,,-2.8,0.74,,
컴투스홀딩스|2026-08-10,컴투스홀딩스,063080,2026-08-10,2026-08-12,2,2,2,MO,Fishing 신규,,0.83,636,76410,4.73,-1.87,-1.25,,,외인 데이터 없음,,,,-3.83,-3.68,,
한국콜마|2026-08-10,한국콜마,161890,2026-08-10,2026-08-12,2,1,1,FA,Fishing 신규,,16.62,17553,105600,3.32,-8.55,0.28,-0.26,-0.6,중립,39.85,-0.85,-0.89,4.0,5.21,,1.48
현대리바트|2026-08-10,현대리바트,079430,2026-08-10,2026-08-20,7,1,1,FA,Fishing 신규,,1.83,1620,88350,3.14,-1.01,0.34,0.44,12.7,모음,3.91,-0.21,-0.2,0.99,-5.46,,-0.19
화승코퍼레이션|2026-08-10,화승코퍼레이션,013520,2026-08-10,2026-08-12,2,1,2,MO,Fishing 신규,,-1.55,-1289,83250,9.49,0.0,-3.42,,,외인 데이터 없음,,,,-8.4,-6.9,,
DL|2026-08-11,DL,000210,2026-08-11,2026-08-12,1,1,2,MO,Fishing 신규,,-0.2,-202,100800,13.2,-2.5,-0.6,-0.27,-1.2,중립,21.51,0.05,0.1,-2.3,9.38,,-0.12
GS건설|2026-08-11,GS건설,006360,2026-08-11,2026-08-20,6,1,1,FA,Fishing 신규,,3.59,2458,68400,36.27,-0.43,-0.15,-0.68,-3.6,빠짐,18.09,1.06,0.98,3.65,2.95,,0.62
HK이노엔|2026-08-11,HK이노엔,195940,2026-08-11,2026-08-26,10,1,1,FA,Up/Down 재진입,,4.58,1912,41750,10.89,-0.59,-3.35,-0.2,-1.4,중립,13.74,-0.66,-0.2,-0.46,-10.88,,-1.37
SGC에너지|2026-08-11,SGC에너지,005090,2026-08-11,2026-08-18,4,2,1,MA,Fishing 신규,,8.38,9650,115100,41.03,0.0,0.54,-1.04,-25.2,빠짐,3.08,-0.05,-0.2,2.08,-10.88,,2.02
계룡건설|2026-08-11,계룡건설,013580,2026-08-11,2026-08-18,4,1,1,FA,Fishing 신규,,8.74,5561,63600,17.5,0.0,-1.18,-0.16,-1.8,중립,8.67,0.78,0.59,-3.25,-1.3,,0.52
마녀공장|2026-08-11,마녀공장,439090,2026-08-11,2026-08-11,0,1,2,MO,Fishing 신규,,5.17,4694,90750,20.85,0.0,5.4,0.01,0.4,중립,2.43,0.0,0.01,-11.34,-17.35,,0.36
삼화콘덴서|2026-08-11,삼화콘덴서,001820,2026-08-11,2026-08-12,1,1,1,FA,Fishing 신규,,1.4,1223,87200,24.08,-12.62,-3.1,,,외인 데이터 없음,,,,10.91,31.48,,
실리콘투|2026-08-11,실리콘투,257720,2026-08-11,2026-08-12,1,1,1,FA,Fishing 신규,,10.47,4162,39750,9.73,0.0,0.75,0.14,1.9,중립,7.63,0.61,0.05,1.55,-3.76,,5.45
심텍|2026-08-11,심텍,222800,2026-08-11,2026-08-28,12,1,1,FA,Fishing 신규,,4.18,5143,123100,50.86,-6.33,-19.01,-1.99,-16.6,빠짐,10.03,1.03,0.19,-3.99,24.35,,1.84
율촌화학|2026-08-11,율촌화학,008730,2026-08-11,2026-08-18,4,1,2,MO,Fishing 신규,,3.9,2924,74950,13.77,-1.26,-2.4,,,외인 데이터 없음,,,,-0.51,-3.01,,
이구산업|2026-08-11,이구산업,025820,2026-08-11,2026-08-12,1,1,1,FA,Fishing 신규,,0.46,208,45500,22.84,0.0,-0.11,,,외인 데이터 없음,,,,-3.57,-2.81,,
진에어|2026-08-11,진에어,272450,2026-08-11,2026-08-25,9,4,2,MO,Fishing 신규,,6.63,5261,79319,7.4,-2.01,-5.96,0.15,14.2,모음,1.21,-0.05,0.08,1.93,5.98,,0.15
크라운해태홀딩스|2026-08-11,크라운해태홀딩스,005740,2026-08-11,2026-08-12,1,2,1,MA,Fishing 신규,,-0.41,-355,87480,7.44,0.0,0.69,-0.1,-3.1,중립,3.12,-0.02,-0.07,-2.05,-3.58,,-0.04
풍산홀딩스|2026-08-11,풍산홀딩스,005810,2026-08-11,2026-08-12,1,2,1,MA,Fishing 신규,,-1.12,-850,75900,13.81,-0.26,-0.4,,,외인 데이터 없음,,,,-1.46,0.0,,
필옵틱스|2026-08-11,필옵틱스,161580,2026-08-11,2026-08-12,1,1,2,MO,Fishing 신규,,0.64,722,113200,23.23,-5.29,1.24,,,외인 데이터 없음,,,,-5.57,15.54,,
한일시멘트|2026-08-11,한일시멘트,300720,2026-08-11,2026-08-19,5,1,1,FA,Up/Down 재진입,,2.16,1279,59080,7.35,0.0,-1.56,0.12,2.9,중립,4.31,0.01,0.01,6.32,5.4,,0.21
한켐|2026-08-11,한켐,457370,2026-08-11,2026-08-11,0,7,1,MA,Fishing 신규,,-5.48,-3335,60830,30.06,0.0,-6.27,,,외인 데이터 없음,,,,24.09,-5.11,,
한화시스템|2026-08-11,한화시스템,272210,2026-08-11,2026-08-12,1,1,1,FA,Fishing 신규,,-0.87,-648,74400,19.12,-5.57,-2.02,,,외인 데이터 없음,,,,-0.4,-4.23,,
NAVER|2026-08-12,NAVER,035420,2026-08-12,2026-08-13,1,1,1,FA,Up/Down 재진입,,3.0,6549,218500,6.95,-5.9,-1.37,0.18,0.5,중립,35.02,0.26,0.1,-1.99,-8.83,,0.71
삼성중공업|2026-08-12,삼성중공업,010140,2026-08-12,2026-08-12,0,1,1,FA,Up/Down 재진입,,-0.65,-576,88200,12.11,-8.03,-1.36,-0.21,-0.7,중립,28.97,0.0,-0.15,-4.37,-1.84,,-0.08
실리콘투|2026-08-12,실리콘투,257720,2026-08-12,2026-08-19,4,3,1,MA,Up/Down 재진입,,3.74,5116,136650,30.78,0.0,-11.4,0.82,11.1,모음,8.24,-1.78,-1.17,14.35,-6.29,,5.38
아세아제지|2026-08-12,아세아제지,002310,2026-08-12,2026-08-26,9,1,2,MO,Up/Down 재진입,,5.06,3936,77800,13.88,-1.24,-1.41,0.39,8.1,모음,5.23,-0.2,-0.06,-0.35,-1.06,,-0.15
DL이앤씨|2026-08-18,DL이앤씨,375500,2026-08-18,2026-08-20,2,1,1,FA,Up/Down 재진입,,3.14,2252,71800,15.36,-4.34,-1.67,,,외인 데이터 없음,,,,4.35,18.82,,
NAVER|2026-08-18,NAVER,035420,2026-08-18,2026-08-21,3,1,1,FA,Up/Down 재진입,,0.48,1055,221000,4.58,-5.24,-5.88,0.13,0.4,중립,35.17,0.14,0.03,-0.68,-11.04,,0.34
대한항공|2026-08-18,대한항공,003490,2026-08-18,2026-08-26,6,1,1,FA,Up/Down 재진입,,6.8,1745,25650,-3.63,-8.18,-2.34,0.16,0.7,중립,22.95,0.2,0.37,2.66,11.9,,3.24
삼성중공업|2026-08-18,삼성중공업,010140,2026-08-18,2026-09-03,12,3,1,MA,Up/Down 재진입,,2.29,1928,84100,1.67,-10.15,-8.0,-0.35,-1.2,빠짐,28.83,0.13,0.01,-1.39,,,
한국가구|2026-08-18,한국가구,004590,2026-08-18,2026-09-15,20,5,1,MA,Fishing 신규,,4.27,3041,71150,1.59,-10.02,-6.8,-0.46,-9.9,빠짐,4.21,0.27,0.35,-0.94,,,
서진시스템|2026-08-19,서진시스템,178320,2026-08-19,2026-08-20,1,1,1,FA,Fishing 신규,,3.29,1270,38650,3.94,-10.0,-1.03,-0.51,-3.3,빠짐,15.18,-0.68,-0.71,6.57,-10.31,,-0.81
태광|2026-08-19,태광,023160,2026-08-19,2026-08-26,5,1,1,FA,Fishing 신규,,8.1,3506,43300,-4.87,-13.13,-6.93,-0.98,-4.3,빠짐,22.02,-0.32,-0.32,1.23,9.02,,-4.29
계룡건설|2026-08-20,계룡건설,013580,2026-08-20,2026-09-18,21,2,1,MA,Up/Down 재진입,,2.86,1959,68550,16.57,-0.43,-8.99,0.57,6.5,모음,9.29,0.74,0.02,-6.6,,,
네오팜|2026-08-20,네오팜,092730,2026-08-20,2026-08-25,3,1,2,MO,Fishing 신규,,4.81,2156,44800,14.39,-9.43,0.67,1.9,7.1,모음,28.74,-0.15,0.04,2.53,-1.27,,-2.07
실리콘투|2026-08-20,실리콘투,257720,2026-08-20,2026-08-21,1,1,1,FA,Up/Down 재진입,,1.29,1209,93900,23.85,0.0,-2.13,-1.42,-17.3,빠짐,6.77,-0.2,-0.4,11.86,-13.33,,5.19
코메론|2026-08-20,코메론,049430,2026-08-20,2026-09-04,11,1,1,FA,Fishing 신규,,10.32,4210,40800,1.0,-6.48,-2.4,-0.31,-1.4,빠짐,22.52,0.02,0.13,1.11,,,
화승코퍼레이션|2026-08-20,화승코퍼레이션,013520,2026-08-20,2026-08-28,6,1,1,FA,Up/Down 재진입,,3.79,1422,37500,-9.41,-11.69,-2.0,,,외인 데이터 없음,,,,-3.2,-4.9,,
비츠로셀|2026-08-21,비츠로셀,082920,2026-08-21,2026-09-17,19,3,2,MO,Fishing 신규,,5.36,4522,84300,-3.17,-12.73,-15.27,-1.83,-5.9,빠짐,28.95,-0.07,0.21,-3.23,,,
서진시스템|2026-08-21,서진시스템,178320,2026-08-21,2026-08-24,1,1,1,FA,Up/Down 재진입,,2.96,1075,36350,2.11,-14.71,-0.28,-1.82,-11.5,빠짐,14.05,0.14,-1.01,2.23,-14.02,,-0.5
DL이앤씨|2026-08-24,DL이앤씨,375500,2026-08-24,2026-08-26,2,1,1,FA,Up/Down 재진입,,6.39,4355,68200,-4.72,-7.05,0.59,,,외인 데이터 없음,,,,-4.5,10.64,,
GS건설|2026-08-24,GS건설,006360,2026-08-24,2026-08-25,1,1,1,FA,Up/Down 재진입,,3.06,1030,33700,7.11,-5.04,0.59,1.16,6.3,모음,19.65,-0.18,0.27,-4.86,7.14,,0.13
NAVER|2026-08-25,NAVER,035420,2026-08-25,2026-08-25,0,1,1,FA,Up/Down 재진입,,1.66,3563,214500,4.26,-3.71,2.8,1.13,3.2,모음,36.12,0.0,0.95,-2.49,-8.84,,-0.22
매커스|2026-08-25,매커스,093520,2026-08-25,2026-08-27,2,1,1,FA,Fishing 신규,,4.85,2396,49400,3.59,-8.79,5.06,1.65,5.3,모음,32.55,0.01,-0.01,-2.26,6.42,,0.17
삼성전자|2026-08-25,삼성전자,005930,2026-08-25,2026-08-25,0,1,1,FA,Fishing 신규,,2.19,5487,250500,11.74,-8.7,2.59,0.12,0.3,중립,46.65,0.0,-0.18,1.56,7.98,,-0.1
서진시스템|2026-08-25,서진시스템,178320,2026-08-25,2026-08-27,2,1,1,FA,Up/Down 재진입,,7.62,2869,37650,2.54,-3.52,-1.2,-1.57,-10.0,빠짐,14.12,0.71,0.33,-19.71,-12.21,,-0.34
세진중공업|2026-08-25,세진중공업,075580,2026-08-25,2026-09-17,17,3,1,MA,Fishing 신규,,2.37,966,40750,-8.89,-11.79,-4.08,-0.07,-2.7,중립,2.5,0.05,0.03,-4.03,,,
율촌화학|2026-08-25,율촌화학,008730,2026-08-25,2026-08-27,2,1,1,FA,Up/Down 재진입,,5.41,1636,30220,3.25,-0.96,2.91,,,외인 데이터 없음,,,,2.61,-8.65,,
NAVER|2026-08-26,NAVER,035420,2026-08-26,2026-08-26,0,1,1,FA,Up/Down 재진입,,0.71,1558,219000,2.8,-3.93,0.46,1.15,3.3,모음,36.1,0.0,0.95,-5.0,-10.91,,-0.54
동진쎄미켐|2026-08-26,동진쎄미켐,005290,2026-08-26,2026-09-28,21,1,1,FA,Up/Down 재진입,,8.63,3609,41800,-1.51,-2.98,-6.82,-0.82,-6.3,빠짐,12.27,0.59,0.03,,,,
삼성전자|2026-08-26,삼성전자,005930,2026-08-26,2026-08-26,0,1,1,FA,Up/Down 재진입,,1.54,3975,258000,9.19,-7.1,1.36,0.11,0.2,중립,46.71,0.0,-0.04,-4.21,9.56,,-0.07
선진|2026-08-26,선진,136490,2026-08-26,2026-09-03,6,2,1,MA,Fishing 신규,,3.13,1651,52740,-2.12,-2.12,-4.78,-0.29,-3.7,중립,7.52,0.24,0.33,-1.37,,,
원익QnC|2026-08-26,원익QnC,074600,2026-08-26,2026-09-17,16,1,1,FA,Fishing 신규,,3.98,2091,52500,-11.44,-15.91,-3.81,0.79,6.8,모음,12.35,0.39,0.31,2.72,,,
케이엠더블유|2026-08-26,케이엠더블유,032500,2026-08-26,2026-08-27,1,1,1,FA,Fishing 신규,,3.54,1011,28590,-16.05,-19.33,1.01,0.14,2.4,중립,5.94,0.03,-0.36,-7.75,21.81,,-0.57
한화시스템|2026-08-26,한화시스템,272210,2026-08-26,2026-08-26,0,1,1,FA,Up/Down 재진입,,2.63,1855,70600,0.69,-8.59,3.97,,,외인 데이터 없음,,,,-8.86,1.36,,
ESR켄달스퀘어리츠|2026-08-27,ESR켄달스퀘어리츠,365550,2026-08-27,2026-08-31,2,1,1,FA,Fishing 신규,,4.29,1673,39000,-6.57,-10.67,1.83,-0.42,-1.1,빠짐,39.19,0.02,-0.21,-2.08,-0.8,,-0.28
NAVER|2026-08-27,NAVER,035420,2026-08-27,2026-08-28,1,1,1,FA,Up/Down 재진입,,4.18,9048,216500,0.46,-5.46,0.0,0.93,2.7,모음,35.95,0.01,0.65,-3.17,-11.61,,-0.3
두산에너빌리티|2026-08-27,두산에너빌리티,034020,2026-08-27,2026-08-28,1,1,1,FA,Up/Down 재진입,,2.33,2022,86800,6.97,0.0,-1.04,-0.08,-0.3,중립,23.88,0.03,0.1,-10.2,-8.73,,-1.2
삼성전자|2026-08-27,삼성전자,005930,2026-08-27,2026-08-27,0,1,1,FA,Up/Down 재진입,,-0.01,-33,266000,4.11,-5.51,0.0,0.04,0.1,중립,46.75,0.0,-0.11,-6.02,1.5,,-0.23
실리콘투|2026-08-27,실리콘투,257720,2026-08-27,2026-08-28,1,1,1,FA,Up/Down 재진입,,2.36,1150,48700,8.62,-5.3,0.92,3.46,42.0,모음,11.7,0.18,5.31,-9.94,-28.14,,0.36
앱클론|2026-08-27,앱클론,174900,2026-08-27,2026-10-02,24,2,2,MO,Fishing 신규,,17.14,8010,46730,-10.52,-20.32,-28.77,-3.63,-32.6,빠짐,7.52,-0.11,-0.39,,,,
CJ|2026-08-28,CJ,001040,2026-08-28,2026-09-07,6,1,1,FA,Fishing 신규,,1.96,2535,129600,-5.16,-10.56,-0.85,0.76,4.4,모음,18.15,-0.3,-0.26,-0.3,,,
대한항공|2026-08-28,대한항공,003490,2026-08-28,2026-09-07,6,1,1,FA,Up/Down 재진입,,5.03,1440,28650,9.96,0.0,-1.92,0.56,2.4,모음,23.68,0.85,0.77,-2.31,,,
동국제강|2026-08-28,동국제강,460860,2026-08-28,2026-09-04,5,1,1,FA,Up/Down 재진입,,5.31,2154,40560,7.34,-4.24,0.69,0.13,0.5,중립,26.79,-0.37,-0.37,-1.81,,,
라온로보틱스|2026-08-28,라온로보틱스,232680,2026-08-28,2026-09-07,6,1,1,FA,Fishing 신규,,5.0,1382,27630,-11.75,-12.26,-0.54,-0.45,-11.2,빠짐,3.58,0.22,0.17,-3.27,,,
삼성전자|2026-08-28,삼성전자,005930,2026-08-28,2026-09-07,6,1,2,MO,Up/Down 재진입,,1.23,6440,522500,-4.1,-8.7,-4.31,0.02,0.0,중립,46.72,0.07,0.07,-7.96,,,
진에어|2026-08-28,진에어,272450,2026-08-28,2026-09-08,7,3,1,MA,Up/Down 재진입,,9.37,3313,35340,11.72,0.0,-2.71,0.08,7.1,모음,1.21,0.18,0.19,-8.31,,,
한세실업|2026-08-28,한세실업,105630,2026-08-28,2026-09-08,7,1,1,FA,Fishing 신규,,3.19,1409,44150,-0.56,-10.43,1.13,-0.33,-5.6,빠짐,5.53,0.32,0.2,-0.88,,,
광동제약|2026-08-31,광동제약,009290,2026-08-31,2026-09-17,13,1,1,FA,Fishing 신규,,0.91,286,31600,1.11,-4.91,-0.63,-0.38,-2.3,빠짐,16.2,0.01,0.02,0.78,,,
원익홀딩스|2026-08-31,원익홀딩스,030530,2026-08-31,2026-09-04,4,1,1,FA,Up/Down 재진입,,10.23,3759,36760,-10.57,-10.57,-5.77,-1.03,-16.8,빠짐,5.09,0.51,0.7,-0.67,,,
GS건설|2026-09-01,GS건설,006360,2026-09-01,2026-09-07,4,1,1,FA,Up/Down 재진입,,5.81,1930,33200,-2.49,-11.9,-2.86,-0.08,-0.4,중립,19.12,0.77,0.96,2.84,,,
NAVER|2026-09-01,NAVER,035420,2026-09-01,2026-09-07,4,1,1,FA,Up/Down 재진입,,0.26,568,215000,-0.92,-6.11,-3.49,0.76,2.2,모음,35.93,0.22,0.22,-6.88,,,
SGC에너지|2026-09-01,SGC에너지,005090,2026-09-01,2026-09-03,2,1,1,FA,Up/Down 재진입,,5.39,2791,51800,-16.8,-19.25,0.39,2.23,73.6,모음,5.26,-0.38,0.9,10.3,,,
태광|2026-09-01,태광,023160,2026-09-01,2026-09-07,4,1,1,FA,Up/Down 재진입,,2.97,1496,50300,12.95,-4.89,-1.79,-1.73,-7.8,빠짐,20.31,-0.81,-0.89,5.09,,,
동아쏘시오홀딩스|2026-09-02,동아쏘시오홀딩스,000640,2026-09-02,2026-09-15,9,1,1,FA,Fishing 신규,,1.54,1413,91700,5.1,-4.43,-1.09,0.54,3.3,모음,17.03,0.06,0.02,-1.28,,,
두산에너빌리티|2026-09-02,두산에너빌리티,034020,2026-09-02,2026-09-03,1,1,1,FA,Up/Down 재진입,,3.8,2939,77300,0.52,-13.15,-0.91,-0.34,-1.4,빠짐,23.68,-0.07,-0.27,13.51,,,
롯데쇼핑|2026-09-02,롯데쇼핑,023530,2026-09-02,2026-09-08,4,1,1,FA,Fishing 신규,,8.76,9562,109100,8.44,-8.2,-3.48,0.03,0.2,중립,15.14,-0.42,-0.65,-1.36,,,
서진시스템|2026-09-02,서진시스템,178320,2026-09-02,2026-09-07,3,1,1,FA,Up/Down 재진입,,9.47,3225,34050,-12.68,-19.23,-2.5,-1.41,-9.3,빠짐,13.77,0.77,0.41,-5.6,,,
카페24|2026-09-02,카페24,042000,2026-09-02,2026-09-23,15,1,1,FA,Fishing 신규,,9.45,4574,48420,-2.55,-13.02,-6.63,0.26,1.4,중립,18.72,0.05,0.17,15.73,,,
현대백화점|2026-09-03,현대백화점,069960,2026-09-03,2026-09-11,6,1,1,FA,Fishing 신규,,4.33,4102,94800,0.11,-14.08,-0.21,-0.64,-2.3,빠짐,27.8,-1.4,-1.22,0.1,,,
엘앤씨바이오|2026-09-04,엘앤씨바이오,290650,2026-09-04,2026-09-08,2,1,1,FA,Fishing 신규,,4.85,2348,48450,-3.02,-23.44,-3.3,-0.92,-4.1,빠짐,21.69,0.3,-0.6,-5.73,,,
테크윙|2026-09-04,테크윙,089030,2026-09-04,2026-09-07,1,1,1,FA,Fishing 신규,,2.47,1154,46750,-2.69,-7.83,0.75,0.58,3.4,모음,17.4,-0.12,0.02,-10.4,,,
금강공업|2026-09-07,금강공업,014280,2026-09-07,2026-09-10,3,1,1,FA,Fishing 신규,,10.03,3048,30380,-1.73,-5.32,-1.61,-0.04,-1.3,중립,3.04,-0.59,-0.57,-7.04,,,
한국가스공사|2026-09-07,한국가스공사,036460,2026-09-07,2026-09-10,3,1,1,FA,Up/Down 재진입,,5.58,1927,34550,-3.84,-6.9,1.59,0.32,2.5,모음,13.06,0.32,0.33,-0.68,,,
네오팜|2026-09-08,네오팜,092730,2026-09-08,2026-09-17,7,1,1,FA,Up/Down 재진입,,6.22,2707,43500,-7.59,-13.95,-1.84,-0.86,-3.0,빠짐,27.73,-0.73,-0.8,-1.52,,,
동국제강|2026-09-08,동국제강,460860,2026-09-08,2026-09-15,5,2,1,MA,Up/Down 재진입,,3.22,1325,41110,5.77,-5.35,-2.23,-0.15,-0.6,중립,26.41,0.21,0.21,-4.24,,,
라온로보틱스|2026-09-08,라온로보틱스,232680,2026-09-08,2026-09-17,7,1,1,FA,Up/Down 재진입,,2.26,633,27960,-2.94,-11.49,-1.72,0.02,0.5,중립,3.71,0.19,0.11,7.43,,,
서진시스템|2026-09-08,서진시스템,178320,2026-09-08,2026-09-10,2,1,1,FA,Up/Down 재진입,,3.33,1177,35350,-8.85,-15.36,-0.99,0.14,1.0,중립,14.26,-0.23,0.03,-5.31,,,
우리금융지주|2026-09-08,우리금융지주,316140,2026-09-08,2026-09-15,5,2,2,MO,Up/Down 재진입,,2.67,2786,104250,4.45,-1.73,-1.9,3.69,8.0,모음,49.78,0.42,0.42,-1.24,,,
코메론|2026-09-08,코메론,049430,2026-09-08,2026-09-09,1,1,1,FA,Up/Down 재진입,,4.18,2714,64950,4.06,-2.9,0.69,0.3,1.3,모음,22.55,0.01,0.07,0.66,,,
메리츠금융지주|2026-09-09,메리츠금융지주,138040,2026-09-09,2026-09-11,2,1,1,FA,Up/Down 재진입,,3.06,3841,125500,5.93,-8.69,-0.4,0.01,0.1,중립,14.34,-0.02,-0.01,-1.32,,,
벽산|2026-09-09,벽산,007210,2026-09-09,2026-09-17,6,1,1,FA,Fishing 신규,,0.43,92,21300,-3.67,-6.96,-0.77,-0.34,-11.8,빠짐,2.54,0.12,0.14,-0.07,,,
샘표|2026-09-09,샘표,007540,2026-09-09,2026-09-10,1,1,1,FA,Fishing 신규,,29.43,12639,42950,-3.49,-6.95,-0.23,-0.16,-3.5,중립,4.47,0.0,-0.03,-11.85,,,
한국공항|2026-09-09,한국공항,005430,2026-09-09,2026-09-10,1,1,1,FA,Fishing 신규,,1.69,1339,79100,-5.22,-14.27,1.01,-0.05,-0.4,중립,12.96,-0.04,-0.12,0.12,,,
현대이지웰|2026-09-09,현대이지웰,090850,2026-09-09,2026-09-11,2,1,1,FA,Fishing 신규,,1.98,391,19820,-2.33,-4.55,1.51,-0.75,-4.3,빠짐,16.57,0.06,-0.03,-0.99,,,
엘앤씨바이오|2026-09-10,엘앤씨바이오,290650,2026-09-10,2026-10-02,14,1,1,FA,Up/Down 재진입,,10.71,5290,49400,0.79,-10.56,-8.1,1.52,6.7,모음,24.15,-0.28,-0.32,,,,
인투셀|2026-09-10,인투셀,287840,2026-09-10,2026-09-17,5,1,1,FA,Fishing 신규,,2.1,693,32980,-12.38,-23.69,-1.76,0.04,0.8,중립,4.86,0.29,0.29,0.7,,,
토모큐브|2026-09-10,토모큐브,475960,2026-09-10,2026-09-17,5,1,1,FA,Fishing 신규,,1.96,543,27700,-10.23,-29.01,-3.97,0.02,1.2,중립,1.66,0.18,0.18,9.96,,,
대한항공|2026-09-11,대한항공,003490,2026-09-11,2026-09-17,4,1,1,FA,Up/Down 재진입,,2.23,641,28700,0.87,-4.61,0.87,2.04,8.6,모음,25.72,0.06,0.23,6.43,,,
서진시스템|2026-09-11,서진시스템,178320,2026-09-11,2026-09-28,9,2,1,MA,Up/Down 재진입,,4.25,2907,68450,-8.22,-13.54,-10.17,-0.12,-0.8,중립,14.03,0.46,0.8,,,,
이구산업|2026-09-11,이구산업,025820,2026-09-11,2026-09-18,5,1,1,FA,Up/Down 재진입,,0.49,106,21725,-4.71,-6.05,-1.96,-0.3,-6.6,빠짐,4.25,0.0,0.0,-4.0,,,
제이에스링크|2026-09-11,제이에스링크,127120,2026-09-11,2026-09-17,4,1,1,FA,Fishing 신규,,0.89,285,32000,-7.36,-24.22,-5.78,0.2,6.5,모음,3.3,0.29,0.27,-0.31,,,
제일테크노스|2026-09-11,제일테크노스,038010,2026-09-11,2026-10-02,13,2,1,MA,Fishing 신규,,4.75,1235,26010,-4.71,-5.9,-2.86,-0.08,-1.7,중립,4.53,-0.19,-0.05,,,,
진에어|2026-09-11,진에어,272450,2026-09-11,2026-09-14,1,1,1,FA,Up/Down 재진입,,3.32,1186,35700,0.34,-8.77,-0.34,0.13,10.7,모음,1.34,0.03,0.08,-3.32,,,
하나금융지주|2026-09-11,하나금융지주,086790,2026-09-11,2026-09-14,1,1,1,FA,Fishing 신규,,2.85,3917,137400,1.32,-1.22,0.29,-0.13,-0.2,중립,68.06,0.9,1.01,-3.35,,,
GS건설|2026-09-14,GS건설,006360,2026-09-14,2026-09-15,1,1,1,FA,Up/Down 재진입,,3.05,1124,36900,-0.28,-5.97,-1.9,1.27,6.7,모음,20.2,-0.12,0.2,-1.7,,,
금강공업|2026-09-14,금강공업,014280,2026-09-14,2026-09-28,8,3,1,MA,Up/Down 재진입,,18.23,6481,35555,3.85,-6.51,-1.12,-0.34,-10.9,빠짐,2.78,-0.64,-0.73,,,,
블랙야크아이앤씨|2026-09-14,블랙야크아이앤씨,478560,2026-09-14,2026-10-01,11,1,1,FA,Fishing 신규,,8.25,2066,25040,-4.84,-6.26,-2.4,0.25,15.7,모음,1.84,-0.28,-0.19,,,,
삼성전자|2026-09-14,삼성전자,005930,2026-09-14,2026-09-16,2,1,1,FA,Up/Down 재진입,,1.0,2493,250500,-4.42,-11.72,-0.8,-0.15,-0.3,중립,46.57,-0.05,-0.29,13.02,,,
메리츠금융지주|2026-09-15,메리츠금융지주,138040,2026-09-15,2026-09-17,2,1,1,FA,Up/Down 재진입,,2.0,2540,127000,1.2,-7.3,-0.94,-0.06,-0.4,중립,14.3,-0.07,-0.1,4.5,,,
동국제강|2026-09-16,동국제강,460860,2026-09-16,2026-09-18,2,2,1,MA,Up/Down 재진입,,4.31,1707,39650,-2.62,-7.56,-0.3,-0.1,-0.4,중립,26.5,0.15,0.02,-7.8,,,
테크윙|2026-09-17,테크윙,089030,2026-09-17,2026-09-18,1,1,1,FA,Up/Down 재진입,,0.56,258,45850,0.54,-9.2,-0.33,2.28,13.1,모음,19.64,0.06,-0.25,12.91,,,
